"PSComputerName","RunspaceId","PSShowComputerName","RecordType","CreationDate","UserIds","Operations","AuditData","ResultIndex","ResultCount","Identity","IsValid","ObjectState"
"ps.outlook.com","ad282db1-b98c-4196-90fb-51baa9b29940","False","MicrosoftTeams","2021-12-03 3:00:52 PM","paul@paulvalderconsulting.com","TeamsSessionStarted","{""CreationTime"":""2021-12-03T15:00:52"",""Id"":""9f63d9e4-4411-4be2-8b7b-30afed001051"",""Operation"":""TeamsSessionStarted"",""OrganizationId"":""6c9cb679-bd0b-4e89-abdb-022dbc18fff3"",""RecordType"":25,""UserKey"":""acfd09cd-854b-40c6-b8ee-0de1a2134662"",""UserType"":0,""Version"":1,""Workload"":""MicrosoftTeams"",""ClientIP"":""198.8.92.138"",""ObjectId"":""Unknown (Unknown)"",""UserId"":""paul@paulvalderconsulting.com"",""ExtraProperties"":[]}","1","55","9f63d9e4-4411-4be2-8b7b-30afed001051","True","Unchanged"
"ps.outlook.com","ad282db1-b98c-4196-90fb-51baa9b29940","False","MicrosoftTeams","2021-12-03 3:00:52 PM","paul@paulvalderconsulting.com","TeamsSessionStarted","{""CreationTime"":""2021-12-03T15:00:52"",""Id"":""f946a350-c878-449a-be44-393baf5c0971"",""Operation"":""TeamsSessionStarted"",""OrganizationId"":""6c9cb679-bd0b-4e89-abdb-022dbc18fff3"",""RecordType"":25,""UserKey"":""acfd09cd-854b-40c6-b8ee-0de1a2134662"",""UserType"":0,""Version"":1,""Workload"":""MicrosoftTeams"",""ClientIP"":""198.8.92.138"",""ObjectId"":""Unknown (Unknown)"",""UserId"":""paul@paulvalderconsulting.com"",""ExtraProperties"":[]}","2","55","f946a350-c878-449a-be44-393baf5c0971","True","Unchanged"
"ps.outlook.com","ad282db1-b98c-4196-90fb-51baa9b29940","False","AzureActiveDirectoryStsLogon","2021-12-03 3:00:51 PM","paul@paulvalderconsulting.com","UserLoggedIn","{""CreationTime"":""2021-12-03T15:00:51"",""Id"":""ab75508a-06a8-41ab-870d-49af50e7d302"",""Operation"":""UserLoggedIn"",""OrganizationId"":""6c9cb679-bd0b-4e89-abdb-022dbc18fff3"",""RecordType"":15,""ResultStatus"":""Success"",""UserKey"":""acfd09cd-854b-40c6-b8ee-0de1a2134662"",""UserType"":0,""Version"":1,""Workload"":""AzureActiveDirectory"",""ClientIP"":""198.8.92.138"",""ObjectId"":""cc15fd57-2c6c-4117-a88c-83b1d56b4bbe"",""UserId"":""paul@paulvalderconsulting.com"",""AzureActiveDirectoryEventType"":1,""ExtendedProperties"":[{""Name"":""ResultStatusDetail"",""Value"":""Redirect""},{""Name"":""UserAgent"",""Value"":""Mozilla\/5.0 (Macintosh; Intel Mac OS X 10_15_7) AppleWebKit\/537.36 (KHTML, like Gecko) Chrome\/96.0.4664.55 Safari\/537.36""},{""Name"":""RequestType"",""Value"":""OAuth2:Authorize""}],""ModifiedProperties"":[],""Actor"":[{""ID"":""acfd09cd-854b-40c6-b8ee-0de1a2134662"",""Type"":0},{""ID"":""paul@paulvalderconsulting.com"",""Type"":5}],""ActorContextId"":""6c9cb679-bd0b-4e89-abdb-022dbc18fff3"",""ActorIpAddress"":""198.8.92.138"",""InterSystemsId"":""e3cdd499-a8da-40ba-a850-ce031b1cedf3"",""IntraSystemId"":""ab75508a-06a8-41ab-870d-49af50e7d302"",""SupportTicketId"":"""",""Target"":[{""ID"":""cc15fd57-2c6c-4117-a88c-83b1d56b4bbe"",""Type"":0}],""TargetContextId"":""6c9cb679-bd0b-4e89-abdb-022dbc18fff3"",""ApplicationId"":""5e3ce6c0-2b1f-4285-8d4b-75ee78787346"",""DeviceProperties"":[{""Name"":""OS"",""Value"":""MacOs""},{""Name"":""BrowserType"",""Value"":""Chrome""},{""Name"":""IsCompliantAndManaged"",""Value"":""False""},{""Name"":""SessionId"",""Value"":""91ece8ad-917a-4ad5-acc8-e6b4137cb73a""}],""ErrorNumber"":""0""}","3","55","ab75508a-06a8-41ab-870d-49af50e7d302","True","Unchanged"
"ps.outlook.com","ad282db1-b98c-4196-90fb-51baa9b29940","False","AzureActiveDirectoryStsLogon","2021-12-03 3:00:49 PM","paul@paulvalderconsulting.com","UserLoggedIn","{""CreationTime"":""2021-12-03T15:00:49"",""Id"":""ab75508a-06a8-41ab-870d-49afb3e6d302"",""Operation"":""UserLoggedIn"",""OrganizationId"":""6c9cb679-bd0b-4e89-abdb-022dbc18fff3"",""RecordType"":15,""ResultStatus"":""Success"",""UserKey"":""acfd09cd-854b-40c6-b8ee-0de1a2134662"",""UserType"":0,""Version"":1,""Workload"":""AzureActiveDirectory"",""ClientIP"":""198.8.92.138"",""ObjectId"":""Unknown"",""UserId"":""paul@paulvalderconsulting.com"",""AzureActiveDirectoryEventType"":1,""ExtendedProperties"":[{""Name"":""ResultStatusDetail"",""Value"":""Redirect""},{""Name"":""UserAgent"",""Value"":""Mozilla\/5.0 (Macintosh; Intel Mac OS X 10_15_7) AppleWebKit\/537.36 (KHTML, like Gecko) Chrome\/96.0.4664.55 Safari\/537.36""},{""Name"":""RequestType"",""Value"":""OAuth2:Authorize""}],""ModifiedProperties"":[],""Actor"":[{""ID"":""acfd09cd-854b-40c6-b8ee-0de1a2134662"",""Type"":0},{""ID"":""paul@paulvalderconsulting.com"",""Type"":5}],""ActorContextId"":""6c9cb679-bd0b-4e89-abdb-022dbc18fff3"",""ActorIpAddress"":""198.8.92.138"",""InterSystemsId"":""74cc9eea-826d-4ddf-b832-c0666c0d7cd5"",""IntraSystemId"":""ab75508a-06a8-41ab-870d-49afb3e6d302"",""SupportTicketId"":"""",""Target"":[{""ID"":""Unknown"",""Type"":0}],""TargetContextId"":""6c9cb679-bd0b-4e89-abdb-022dbc18fff3"",""ApplicationId"":""5e3ce6c0-2b1f-4285-8d4b-75ee78787346"",""DeviceProperties"":[{""Name"":""OS"",""Value"":""MacOs""},{""Name"":""BrowserType"",""Value"":""Chrome""},{""Name"":""IsCompliantAndManaged"",""Value"":""False""},{""Name"":""SessionId"",""Value"":""91ece8ad-917a-4ad5-acc8-e6b4137cb73a""}],""ErrorNumber"":""0""}","4","55","ab75508a-06a8-41ab-870d-49afb3e6d302","True","Unchanged"
"ps.outlook.com","ad282db1-b98c-4196-90fb-51baa9b29940","False","AzureActiveDirectoryStsLogon","2021-12-02 9:14:18 PM","paul@paulvalderconsulting.com","UserLoggedIn","{""CreationTime"":""2021-12-02T21:14:18"",""Id"":""15226d37-c8de-489f-9695-10adbf49ae02"",""Operation"":""UserLoggedIn"",""OrganizationId"":""6c9cb679-bd0b-4e89-abdb-022dbc18fff3"",""RecordType"":15,""ResultStatus"":""Success"",""UserKey"":""acfd09cd-854b-40c6-b8ee-0de1a2134662"",""UserType"":0,""Version"":1,""Workload"":""AzureActiveDirectory"",""ClientIP"":""198.8.92.138"",""ObjectId"":""00000003-0000-0000-c000-000000000000"",""UserId"":""paul@paulvalderconsulting.com"",""AzureActiveDirectoryEventType"":1,""ExtendedProperties"":[{""Name"":""ResultStatusDetail"",""Value"":""Redirect""},{""Name"":""UserAgent"",""Value"":""Mozilla\/5.0 (Macintosh; Intel Mac OS X 10_15_7) AppleWebKit\/537.36 (KHTML, like Gecko) Chrome\/96.0.4664.55 Safari\/537.36""},{""Name"":""RequestType"",""Value"":""OAuth2:Authorize""}],""ModifiedProperties"":[],""Actor"":[{""ID"":""acfd09cd-854b-40c6-b8ee-0de1a2134662"",""Type"":0},{""ID"":""paul@paulvalderconsulting.com"",""Type"":5}],""ActorContextId"":""6c9cb679-bd0b-4e89-abdb-022dbc18fff3"",""ActorIpAddress"":""198.8.92.138"",""InterSystemsId"":""e37dda65-1881-4470-9ddc-ffdefe66583d"",""IntraSystemId"":""15226d37-c8de-489f-9695-10adbf49ae02"",""SupportTicketId"":"""",""Target"":[{""ID"":""00000003-0000-0000-c000-000000000000"",""Type"":0}],""TargetContextId"":""6c9cb679-bd0b-4e89-abdb-022dbc18fff3"",""ApplicationId"":""89bee1f7-5e6e-4d8a-9f3d-ecd601259da7"",""DeviceProperties"":[{""Name"":""OS"",""Value"":""MacOs""},{""Name"":""BrowserType"",""Value"":""Chrome""},{""Name"":""IsCompliantAndManaged"",""Value"":""False""},{""Name"":""SessionId"",""Value"":""91ece8ad-917a-4ad5-acc8-e6b4137cb73a""}],""ErrorNumber"":""0""}","5","55","15226d37-c8de-489f-9695-10adbf49ae02","True","Unchanged"
"ps.outlook.com","ad282db1-b98c-4196-90fb-51baa9b29940","False","AzureActiveDirectoryStsLogon","2021-12-02 9:14:18 PM","paul@paulvalderconsulting.com","UserLoggedIn","{""CreationTime"":""2021-12-02T21:14:18"",""Id"":""3d6380a3-deb6-440c-8d81-0a70285b8002"",""Operation"":""UserLoggedIn"",""OrganizationId"":""6c9cb679-bd0b-4e89-abdb-022dbc18fff3"",""RecordType"":15,""ResultStatus"":""Success"",""UserKey"":""acfd09cd-854b-40c6-b8ee-0de1a2134662"",""UserType"":0,""Version"":1,""Workload"":""AzureActiveDirectory"",""ClientIP"":""198.8.92.138"",""ObjectId"":""5f09333a-842c-47da-a157-57da27fcbca5"",""UserId"":""paul@paulvalderconsulting.com"",""AzureActiveDirectoryEventType"":1,""ExtendedProperties"":[{""Name"":""ResultStatusDetail"",""Value"":""Redirect""},{""Name"":""UserAgent"",""Value"":""Mozilla\/5.0 (Macintosh; Intel Mac OS X 10_15_7) AppleWebKit\/537.36 (KHTML, like Gecko) Chrome\/96.0.4664.55 Safari\/537.36""},{""Name"":""RequestType"",""Value"":""OAuth2:Authorize""}],""ModifiedProperties"":[],""Actor"":[{""ID"":""acfd09cd-854b-40c6-b8ee-0de1a2134662"",""Type"":0},{""ID"":""paul@paulvalderconsulting.com"",""Type"":5}],""ActorContextId"":""6c9cb679-bd0b-4e89-abdb-022dbc18fff3"",""ActorIpAddress"":""198.8.92.138"",""InterSystemsId"":""86c1c281-e685-40d5-8421-06f9ab4440ea"",""IntraSystemId"":""3d6380a3-deb6-440c-8d81-0a70285b8002"",""SupportTicketId"":"""",""Target"":[{""ID"":""5f09333a-842c-47da-a157-57da27fcbca5"",""Type"":0}],""TargetContextId"":""6c9cb679-bd0b-4e89-abdb-022dbc18fff3"",""ApplicationId"":""89bee1f7-5e6e-4d8a-9f3d-ecd601259da7"",""DeviceProperties"":[{""Name"":""OS"",""Value"":""MacOs""},{""Name"":""BrowserType"",""Value"":""Chrome""},{""Name"":""IsCompliantAndManaged"",""Value"":""False""},{""Name"":""SessionId"",""Value"":""91ece8ad-917a-4ad5-acc8-e6b4137cb73a""}],""ErrorNumber"":""0""}","6","55","3d6380a3-deb6-440c-8d81-0a70285b8002","True","Unchanged"
"ps.outlook.com","ad282db1-b98c-4196-90fb-51baa9b29940","False","AzureActiveDirectoryStsLogon","2021-12-02 9:14:18 PM","paul@paulvalderconsulting.com","UserLoggedIn","{""CreationTime"":""2021-12-02T21:14:18"",""Id"":""386001ae-002a-4721-84ab-af38030eab02"",""Operation"":""UserLoggedIn"",""OrganizationId"":""6c9cb679-bd0b-4e89-abdb-022dbc18fff3"",""RecordType"":15,""ResultStatus"":""Success"",""UserKey"":""acfd09cd-854b-40c6-b8ee-0de1a2134662"",""UserType"":0,""Version"":1,""Workload"":""AzureActiveDirectory"",""ClientIP"":""198.8.92.138"",""ObjectId"":""00000003-0000-0000-c000-000000000000"",""UserId"":""paul@paulvalderconsulting.com"",""AzureActiveDirectoryEventType"":1,""ExtendedProperties"":[{""Name"":""ResultStatusDetail"",""Value"":""Redirect""},{""Name"":""UserAgent"",""Value"":""Mozilla\/5.0 (Macintosh; Intel Mac OS X 10_15_7) AppleWebKit\/537.36 (KHTML, like Gecko) Chrome\/96.0.4664.55 Safari\/537.36""},{""Name"":""RequestType"",""Value"":""OAuth2:Authorize""}],""ModifiedProperties"":[],""Actor"":[{""ID"":""acfd09cd-854b-40c6-b8ee-0de1a2134662"",""Type"":0},{""ID"":""paul@paulvalderconsulting.com"",""Type"":5}],""ActorContextId"":""6c9cb679-bd0b-4e89-abdb-022dbc18fff3"",""ActorIpAddress"":""198.8.92.138"",""InterSystemsId"":""c067aebe-808d-4d3e-8f06-6c40f397706e"",""IntraSystemId"":""386001ae-002a-4721-84ab-af38030eab02"",""SupportTicketId"":"""",""Target"":[{""ID"":""00000003-0000-0000-c000-000000000000"",""Type"":0}],""TargetContextId"":""6c9cb679-bd0b-4e89-abdb-022dbc18fff3"",""ApplicationId"":""89bee1f7-5e6e-4d8a-9f3d-ecd601259da7"",""DeviceProperties"":[{""Name"":""OS"",""Value"":""MacOs""},{""Name"":""BrowserType"",""Value"":""Chrome""},{""Name"":""IsCompliantAndManaged"",""Value"":""False""},{""Name"":""SessionId"",""Value"":""91ece8ad-917a-4ad5-acc8-e6b4137cb73a""}],""ErrorNumber"":""0""}","7","55","386001ae-002a-4721-84ab-af38030eab02","True","Unchanged"
"ps.outlook.com","ad282db1-b98c-4196-90fb-51baa9b29940","False","ExchangeItem","2021-12-02 9:14:11 PM","paul@paulvalderconsulting.com","MailboxLogin","{""CreationTime"":""2021-12-02T21:14:11"",""Id"":""de238abc-b16b-459c-ccde-08d9b5d8afc9"",""Operation"":""MailboxLogin"",""OrganizationId"":""6c9cb679-bd0b-4e89-abdb-022dbc18fff3"",""RecordType"":2,""ResultStatus"":""Succeeded"",""UserKey"":""100320004BF00FCC"",""UserType"":0,""Version"":1,""Workload"":""Exchange"",""ClientIP"":""198.8.92.138"",""UserId"":""paul@paulvalderconsulting.com"",""ClientIPAddress"":""198.8.92.138"",""ClientInfoString"":""Client=\/owa\/; Mozilla\/5.0 (Macintosh; Intel Mac OS X 10_15_7) AppleWebKit\/537.36 (KHTML, like Gecko) Chrome\/96.0.4664.55 Safari\/537.36"",""ExternalAccess"":false,""InternalLogonType"":0,""LogonType"":0,""LogonUserSid"":""S-1-5-21-4210595173-409280031-188456616-17158991"",""MailboxGuid"":""9caeafb4-1e4c-49e7-8ff5-a57643e77ffc"",""MailboxOwnerSid"":""S-1-5-21-4210595173-409280031-188456616-17158991"",""MailboxOwnerUPN"":""paul@paulvalderconsulting.com"",""OrganizationName"":""paulvalderconsulting.com"",""OriginatingServer"":""YQXPR0101MB0807"",""SessionId"":""91ece8ad-917a-4ad5-acc8-e6b4137cb73a""}","8","55","de238abc-b16b-459c-ccde-08d9b5d8afc9","True","Unchanged"
"ps.outlook.com","ad282db1-b98c-4196-90fb-51baa9b29940","False","AzureActiveDirectoryStsLogon","2021-12-02 9:14:10 PM","paul@paulvalderconsulting.com","UserLoggedIn","{""CreationTime"":""2021-12-02T21:14:10"",""Id"":""d7818a5b-80f2-49dd-b216-006096dab002"",""Operation"":""UserLoggedIn"",""OrganizationId"":""6c9cb679-bd0b-4e89-abdb-022dbc18fff3"",""RecordType"":15,""ResultStatus"":""Success"",""UserKey"":""acfd09cd-854b-40c6-b8ee-0de1a2134662"",""UserType"":0,""Version"":1,""Workload"":""AzureActiveDirectory"",""ClientIP"":""198.8.92.138"",""ObjectId"":""00000002-0000-0ff1-ce00-000000000000"",""UserId"":""paul@paulvalderconsulting.com"",""AzureActiveDirectoryEventType"":1,""ExtendedProperties"":[{""Name"":""ResultStatusDetail"",""Value"":""Success""},{""Name"":""UserAgent"",""Value"":""Mozilla\/5.0 (Macintosh; Intel Mac OS X 10_15_7) AppleWebKit\/537.36 (KHTML, like Gecko) Chrome\/96.0.4664.55 Safari\/537.36""},{""Name"":""RequestType"",""Value"":""OAuth2:Authorize""}],""ModifiedProperties"":[],""Actor"":[{""ID"":""acfd09cd-854b-40c6-b8ee-0de1a2134662"",""Type"":0},{""ID"":""paul@paulvalderconsulting.com"",""Type"":5}],""ActorContextId"":""6c9cb679-bd0b-4e89-abdb-022dbc18fff3"",""ActorIpAddress"":""198.8.92.138"",""InterSystemsId"":""2dbeb69f-8f15-8e4f-7776-a2ac08399d3f"",""IntraSystemId"":""d7818a5b-80f2-49dd-b216-006096dab002"",""SupportTicketId"":"""",""Target"":[{""ID"":""00000002-0000-0ff1-ce00-000000000000"",""Type"":0}],""TargetContextId"":""6c9cb679-bd0b-4e89-abdb-022dbc18fff3"",""ApplicationId"":""00000002-0000-0ff1-ce00-000000000000"",""DeviceProperties"":[{""Name"":""OS"",""Value"":""MacOs""},{""Name"":""BrowserType"",""Value"":""Chrome""},{""Name"":""IsCompliantAndManaged"",""Value"":""False""},{""Name"":""SessionId"",""Value"":""91ece8ad-917a-4ad5-acc8-e6b4137cb73a""}],""ErrorNumber"":""0""}","9","55","d7818a5b-80f2-49dd-b216-006096dab002","True","Unchanged"
"ps.outlook.com","ad282db1-b98c-4196-90fb-51baa9b29940","False","AzureActiveDirectoryStsLogon","2021-12-02 9:14:04 PM","paul@paulvalderconsulting.com","UserLoggedIn","{""CreationTime"":""2021-12-02T21:14:04"",""Id"":""c008ab08-0adf-4d8d-9fd2-0ec667dcff01"",""Operation"":""UserLoggedIn"",""OrganizationId"":""6c9cb679-bd0b-4e89-abdb-022dbc18fff3"",""RecordType"":15,""ResultStatus"":""Success"",""UserKey"":""acfd09cd-854b-40c6-b8ee-0de1a2134662"",""UserType"":0,""Version"":1,""Workload"":""AzureActiveDirectory"",""ClientIP"":""198.8.92.138"",""ObjectId"":""00000003-0000-0000-c000-000000000000"",""UserId"":""paul@paulvalderconsulting.com"",""AzureActiveDirectoryEventType"":1,""ExtendedProperties"":[{""Name"":""ResultStatusDetail"",""Value"":""Redirect""},{""Name"":""UserAgent"",""Value"":""Mozilla\/5.0 (Macintosh; Intel Mac OS X 10_15_7) AppleWebKit\/537.36 (KHTML, like Gecko) Chrome\/96.0.4664.55 Safari\/537.36""},{""Name"":""RequestType"",""Value"":""OAuth2:Authorize""}],""ModifiedProperties"":[],""Actor"":[{""ID"":""acfd09cd-854b-40c6-b8ee-0de1a2134662"",""Type"":0},{""ID"":""paul@paulvalderconsulting.com"",""Type"":5}],""ActorContextId"":""6c9cb679-bd0b-4e89-abdb-022dbc18fff3"",""ActorIpAddress"":""198.8.92.138"",""InterSystemsId"":""67d9495a-190d-439d-b145-887374dd508c"",""IntraSystemId"":""c008ab08-0adf-4d8d-9fd2-0ec667dcff01"",""SupportTicketId"":"""",""Target"":[{""ID"":""00000003-0000-0000-c000-000000000000"",""Type"":0}],""TargetContextId"":""6c9cb679-bd0b-4e89-abdb-022dbc18fff3"",""ApplicationId"":""89bee1f7-5e6e-4d8a-9f3d-ecd601259da7"",""DeviceProperties"":[{""Name"":""OS"",""Value"":""MacOs""},{""Name"":""BrowserType"",""Value"":""Chrome""},{""Name"":""IsCompliantAndManaged"",""Value"":""False""},{""Name"":""SessionId"",""Value"":""91ece8ad-917a-4ad5-acc8-e6b4137cb73a""}],""ErrorNumber"":""0""}","10","55","c008ab08-0adf-4d8d-9fd2-0ec667dcff01","True","Unchanged"
"ps.outlook.com","ad282db1-b98c-4196-90fb-51baa9b29940","False","AzureActiveDirectoryStsLogon","2021-12-02 9:14:04 PM","paul@paulvalderconsulting.com","UserLoggedIn","{""CreationTime"":""2021-12-02T21:14:04"",""Id"":""4c46390c-5660-414f-a13a-e3616664af02"",""Operation"":""UserLoggedIn"",""OrganizationId"":""6c9cb679-bd0b-4e89-abdb-022dbc18fff3"",""RecordType"":15,""ResultStatus"":""Success"",""UserKey"":""acfd09cd-854b-40c6-b8ee-0de1a2134662"",""UserType"":0,""Version"":1,""Workload"":""AzureActiveDirectory"",""ClientIP"":""198.8.92.138"",""ObjectId"":""00000003-0000-0000-c000-000000000000"",""UserId"":""paul@paulvalderconsulting.com"",""AzureActiveDirectoryEventType"":1,""ExtendedProperties"":[{""Name"":""ResultStatusDetail"",""Value"":""Redirect""},{""Name"":""UserAgent"",""Value"":""Mozilla\/5.0 (Macintosh; Intel Mac OS X 10_15_7) AppleWebKit\/537.36 (KHTML, like Gecko) Chrome\/96.0.4664.55 Safari\/537.36""},{""Name"":""RequestType"",""Value"":""OAuth2:Authorize""}],""ModifiedProperties"":[],""Actor"":[{""ID"":""acfd09cd-854b-40c6-b8ee-0de1a2134662"",""Type"":0},{""ID"":""paul@paulvalderconsulting.com"",""Type"":5}],""ActorContextId"":""6c9cb679-bd0b-4e89-abdb-022dbc18fff3"",""ActorIpAddress"":""198.8.92.138"",""InterSystemsId"":""74b60062-e3af-4191-811a-4eb2fd1197c4"",""IntraSystemId"":""4c46390c-5660-414f-a13a-e3616664af02"",""SupportTicketId"":"""",""Target"":[{""ID"":""00000003-0000-0000-c000-000000000000"",""Type"":0}],""TargetContextId"":""6c9cb679-bd0b-4e89-abdb-022dbc18fff3"",""ApplicationId"":""89bee1f7-5e6e-4d8a-9f3d-ecd601259da7"",""DeviceProperties"":[{""Name"":""OS"",""Value"":""MacOs""},{""Name"":""BrowserType"",""Value"":""Chrome""},{""Name"":""IsCompliantAndManaged"",""Value"":""False""},{""Name"":""SessionId"",""Value"":""91ece8ad-917a-4ad5-acc8-e6b4137cb73a""}],""ErrorNumber"":""0""}","11","55","4c46390c-5660-414f-a13a-e3616664af02","True","Unchanged"
"ps.outlook.com","ad282db1-b98c-4196-90fb-51baa9b29940","False","AzureActiveDirectoryStsLogon","2021-12-02 9:14:04 PM","paul@paulvalderconsulting.com","UserLoggedIn","{""CreationTime"":""2021-12-02T21:14:04"",""Id"":""71ba0653-5975-4876-8896-47d22c55e102"",""Operation"":""UserLoggedIn"",""OrganizationId"":""6c9cb679-bd0b-4e89-abdb-022dbc18fff3"",""RecordType"":15,""ResultStatus"":""Success"",""UserKey"":""acfd09cd-854b-40c6-b8ee-0de1a2134662"",""UserType"":0,""Version"":1,""Workload"":""AzureActiveDirectory"",""ClientIP"":""198.8.92.138"",""ObjectId"":""5f09333a-842c-47da-a157-57da27fcbca5"",""UserId"":""paul@paulvalderconsulting.com"",""AzureActiveDirectoryEventType"":1,""ExtendedProperties"":[{""Name"":""ResultStatusDetail"",""Value"":""Redirect""},{""Name"":""UserAgent"",""Value"":""Mozilla\/5.0 (Macintosh; Intel Mac OS X 10_15_7) AppleWebKit\/537.36 (KHTML, like Gecko) Chrome\/96.0.4664.55 Safari\/537.36""},{""Name"":""RequestType"",""Value"":""OAuth2:Authorize""}],""ModifiedProperties"":[],""Actor"":[{""ID"":""acfd09cd-854b-40c6-b8ee-0de1a2134662"",""Type"":0},{""ID"":""paul@paulvalderconsulting.com"",""Type"":5}],""ActorContextId"":""6c9cb679-bd0b-4e89-abdb-022dbc18fff3"",""ActorIpAddress"":""198.8.92.138"",""InterSystemsId"":""029a8f97-3ae9-44e8-91df-93bdb73a7da5"",""IntraSystemId"":""71ba0653-5975-4876-8896-47d22c55e102"",""SupportTicketId"":"""",""Target"":[{""ID"":""5f09333a-842c-47da-a157-57da27fcbca5"",""Type"":0}],""TargetContextId"":""6c9cb679-bd0b-4e89-abdb-022dbc18fff3"",""ApplicationId"":""89bee1f7-5e6e-4d8a-9f3d-ecd601259da7"",""DeviceProperties"":[{""Name"":""OS"",""Value"":""MacOs""},{""Name"":""BrowserType"",""Value"":""Chrome""},{""Name"":""IsCompliantAndManaged"",""Value"":""False""},{""Name"":""SessionId"",""Value"":""91ece8ad-917a-4ad5-acc8-e6b4137cb73a""}],""ErrorNumber"":""0""}","12","55","71ba0653-5975-4876-8896-47d22c55e102","True","Unchanged"
"ps.outlook.com","ad282db1-b98c-4196-90fb-51baa9b29940","False","AzureActiveDirectoryStsLogon","2021-12-02 9:13:58 PM","paul@paulvalderconsulting.com","UserLoggedIn","{""CreationTime"":""2021-12-02T21:13:58"",""Id"":""870c0bbb-253b-4559-8b81-fa7f048a1602"",""Operation"":""UserLoggedIn"",""OrganizationId"":""6c9cb679-bd0b-4e89-abdb-022dbc18fff3"",""RecordType"":15,""ResultStatus"":""Success"",""UserKey"":""acfd09cd-854b-40c6-b8ee-0de1a2134662"",""UserType"":0,""Version"":1,""Workload"":""AzureActiveDirectory"",""ClientIP"":""198.8.92.138"",""ObjectId"":""4765445b-32c6-49b0-83e6-1d93765276ca"",""UserId"":""paul@paulvalderconsulting.com"",""AzureActiveDirectoryEventType"":1,""ExtendedProperties"":[{""Name"":""ResultStatusDetail"",""Value"":""Success""},{""Name"":""UserAgent"",""Value"":""Mozilla\/5.0 (Macintosh; Intel Mac OS X 10_15_7) AppleWebKit\/537.36 (KHTML, like Gecko) Chrome\/96.0.4664.55 Safari\/537.36""},{""Name"":""UserAuthenticationMethod"",""Value"":""1""},{""Name"":""RequestType"",""Value"":""Login:login""}],""ModifiedProperties"":[],""Actor"":[{""ID"":""acfd09cd-854b-40c6-b8ee-0de1a2134662"",""Type"":0},{""ID"":""paul@paulvalderconsulting.com"",""Type"":5}],""ActorContextId"":""6c9cb679-bd0b-4e89-abdb-022dbc18fff3"",""ActorIpAddress"":""198.8.92.138"",""InterSystemsId"":""dfd17807-d661-4359-bd8e-3097fa109233"",""IntraSystemId"":""870c0bbb-253b-4559-8b81-fa7f048a1602"",""SupportTicketId"":"""",""Target"":[{""ID"":""4765445b-32c6-49b0-83e6-1d93765276ca"",""Type"":0}],""TargetContextId"":""6c9cb679-bd0b-4e89-abdb-022dbc18fff3"",""ApplicationId"":""4765445b-32c6-49b0-83e6-1d93765276ca"",""DeviceProperties"":[{""Name"":""OS"",""Value"":""MacOs""},{""Name"":""BrowserType"",""Value"":""Chrome""},{""Name"":""IsCompliantAndManaged"",""Value"":""False""},{""Name"":""SessionId"",""Value"":""91ece8ad-917a-4ad5-acc8-e6b4137cb73a""}],""ErrorNumber"":""0""}","13","55","870c0bbb-253b-4559-8b81-fa7f048a1602","True","Unchanged"
"ps.outlook.com","ad282db1-b98c-4196-90fb-51baa9b29940","False","SharePointFileOperation","2021-11-30 8:00:38 PM","paul@paulvalderconsulting.com","FileAccessed","{""AppAccessContext"":{""ClientAppId"":""1fec8e78-bce4-4aaf-ab1b-5451cc387264"",""CorrelationId"":""c24908a0-b08d-1000-47da-127af87cd508""},""CreationTime"":""2021-11-30T20:00:38"",""Id"":""ee69b2d6-00b2-4af3-874c-08d9b43c1462"",""Operation"":""FileAccessed"",""OrganizationId"":""6c9cb679-bd0b-4e89-abdb-022dbc18fff3"",""RecordType"":6,""UserKey"":""i:0h.f|membership|100320004bf00fcc@live.com"",""UserType"":0,""Version"":1,""Workload"":""SharePoint"",""ClientIP"":""173.238.205.14"",""ObjectId"":""https:\/\/paulvalderc.sharepoint.com\/sites\/PVCINC\/Shared Documents\/Forms\/AllItems.aspx"",""UserId"":""paul@paulvalderconsulting.com"",""ApplicationId"":""1fec8e78-bce4-4aaf-ab1b-5451cc387264"",""CorrelationId"":""c24908a0-b08d-1000-47da-127af87cd508"",""EventSource"":""SharePoint"",""ItemType"":""File"",""ListId"":""f58eab0a-ca1a-47bc-b143-f806195d4eeb"",""ListItemUniqueId"":""2f0ad9db-dbcf-493e-829e-81ac619f1287"",""Site"":""9d0109f6-886c-40d9-95a3-5bab1cb17229"",""UserAgent"":""Mozilla\/5.0 (Macintosh; Intel Mac OS X 10_16_0) AppleWebKit\/537.36 (KHTML, like Gecko) Teams\/1.4.00.29477 Chrome\/85.0.4183.121 Electron\/10.4.7 Safari\/537.36"",""WebId"":""4d0c31ef-287f-400b-8635-a5033d205f21"",""SourceFileExtension"":""aspx"",""SiteUrl"":""https:\/\/paulvalderc.sharepoint.com\/sites\/PVCINC\/"",""SourceFileName"":""AllItems.aspx"",""SourceRelativeUrl"":""Shared Documents\/Forms""}","14","55","ee69b2d6-00b2-4af3-874c-08d9b43c1462","True","Unchanged"
"ps.outlook.com","ad282db1-b98c-4196-90fb-51baa9b29940","False","SharePointListOperation","2021-11-30 8:00:37 PM","paul@paulvalderconsulting.com","ListViewed","{""AppAccessContext"":{""ClientAppId"":""1fec8e78-bce4-4aaf-ab1b-5451cc387264"",""CorrelationId"":""c24908a0-b08d-1000-47da-127af87cd508""},""CreationTime"":""2021-11-30T20:00:37"",""Id"":""a99dbebc-4e82-4dc5-4ec3-08d9b43c1429"",""Operation"":""ListViewed"",""OrganizationId"":""6c9cb679-bd0b-4e89-abdb-022dbc18fff3"",""RecordType"":36,""UserKey"":""i:0h.f|membership|100320004bf00fcc@live.com"",""UserType"":0,""Version"":1,""Workload"":""SharePoint"",""ClientIP"":""173.238.205.14"",""ObjectId"":""https:\/\/paulvalderc.sharepoint.com\/sites\/PVCINC\/f58eab0a-ca1a-47bc-b143-f806195d4eeb"",""UserId"":""paul@paulvalderconsulting.com"",""ApplicationId"":""1fec8e78-bce4-4aaf-ab1b-5451cc387264"",""CorrelationId"":""c24908a0-b08d-1000-47da-127af87cd508"",""DoNotDistributeEvent"":true,""EventSource"":""SharePoint"",""ItemType"":""List"",""ListId"":""f58eab0a-ca1a-47bc-b143-f806195d4eeb"",""Site"":""9d0109f6-886c-40d9-95a3-5bab1cb17229"",""UserAgent"":""Mozilla\/5.0 (Macintosh; Intel Mac OS X 10_16_0) AppleWebKit\/537.36 (KHTML, like Gecko) Teams\/1.4.00.29477 Chrome\/85.0.4183.121 Electron\/10.4.7 Safari\/537.36"",""WebId"":""4d0c31ef-287f-400b-8635-a5033d205f21"",""CustomizedDoclib"":false,""FromApp"":true,""IsDocLib"":true,""ItemCount"":1,""ListBaseTemplateType"":""101"",""ListBaseType"":""DocumentLibrary"",""ListColor"":"""",""ListIcon"":"""",""Source"":""Unknown"",""TemplateTypeId"":"""",""ListTitle"":""f58eab0a-ca1a-47bc-b143-f806195d4eeb""}","15","55","a99dbebc-4e82-4dc5-4ec3-08d9b43c1429","True","Unchanged"
"ps.outlook.com","ad282db1-b98c-4196-90fb-51baa9b29940","False","AzureActiveDirectoryStsLogon","2021-11-30 8:00:24 PM","paul@paulvalderconsulting.com","UserLoggedIn","{""CreationTime"":""2021-11-30T20:00:24"",""Id"":""84ca6642-da00-415e-8962-6e8e79822602"",""Operation"":""UserLoggedIn"",""OrganizationId"":""6c9cb679-bd0b-4e89-abdb-022dbc18fff3"",""RecordType"":15,""ResultStatus"":""Success"",""UserKey"":""acfd09cd-854b-40c6-b8ee-0de1a2134662"",""UserType"":0,""Version"":1,""Workload"":""AzureActiveDirectory"",""ClientIP"":""173.238.205.14"",""ObjectId"":""cc15fd57-2c6c-4117-a88c-83b1d56b4bbe"",""UserId"":""paul@paulvalderconsulting.com"",""AzureActiveDirectoryEventType"":1,""ExtendedProperties"":[{""Name"":""ResultStatusDetail"",""Value"":""Redirect""},{""Name"":""UserAgent"",""Value"":""Mozilla\/5.0 (Macintosh; Intel Mac OS X 10_16) AppleWebKit\/605.1.15 (KHTML, like Gecko)""},{""Name"":""UserAuthenticationMethod"",""Value"":""1""},{""Name"":""RequestType"",""Value"":""Login:login""}],""ModifiedProperties"":[],""Actor"":[{""ID"":""acfd09cd-854b-40c6-b8ee-0de1a2134662"",""Type"":0},{""ID"":""paul@paulvalderconsulting.com"",""Type"":5}],""ActorContextId"":""6c9cb679-bd0b-4e89-abdb-022dbc18fff3"",""ActorIpAddress"":""173.238.205.14"",""InterSystemsId"":""cbcc96f8-a6ce-4c1c-af04-432a425be9cd"",""IntraSystemId"":""84ca6642-da00-415e-8962-6e8e79822602"",""SupportTicketId"":"""",""Target"":[{""ID"":""cc15fd57-2c6c-4117-a88c-83b1d56b4bbe"",""Type"":0}],""TargetContextId"":""6c9cb679-bd0b-4e89-abdb-022dbc18fff3"",""ApplicationId"":""1fec8e78-bce4-4aaf-ab1b-5451cc387264"",""DeviceProperties"":[{""Name"":""OS"",""Value"":""MacOs""},{""Name"":""BrowserType"",""Value"":""WebKit""},{""Name"":""IsCompliantAndManaged"",""Value"":""False""},{""Name"":""SessionId"",""Value"":""4f52b1cf-a882-43eb-97ed-d8746b5b8ec1""}],""ErrorNumber"":""0""}","16","55","84ca6642-da00-415e-8962-6e8e79822602","True","Unchanged"
"ps.outlook.com","ad282db1-b98c-4196-90fb-51baa9b29940","False","SharePointListOperation","2021-11-29 2:28:02 PM","paul@paulvalderconsulting.com","ListViewed","{""AppAccessContext"":{""AADSessionId"":""f28c34b4-8269-4c90-8441-933dabab1bef"",""CorrelationId"":""54e407a0-20d6-1000-47da-142a92976b10""},""CreationTime"":""2021-11-29T14:28:02"",""Id"":""7a2ec75e-91dc-4c07-00ab-08d9b3447326"",""Operation"":""ListViewed"",""OrganizationId"":""6c9cb679-bd0b-4e89-abdb-022dbc18fff3"",""RecordType"":36,""UserKey"":""i:0h.f|membership|100320004bf00fcc@live.com"",""UserType"":0,""Version"":1,""Workload"":""SharePoint"",""ClientIP"":""172.83.40.24"",""ObjectId"":""https:\/\/paulvalderc.sharepoint.com\/sites\/PVCINC\/f58eab0a-ca1a-47bc-b143-f806195d4eeb"",""UserId"":""paul@paulvalderconsulting.com"",""CorrelationId"":""54e407a0-20d6-1000-47da-142a92976b10"",""DoNotDistributeEvent"":true,""EventSource"":""SharePoint"",""ItemType"":""List"",""ListId"":""f58eab0a-ca1a-47bc-b143-f806195d4eeb"",""Site"":""9d0109f6-886c-40d9-95a3-5bab1cb17229"",""UserAgent"":""Mozilla\/5.0 (Macintosh; Intel Mac OS X 10_15_7) AppleWebKit\/537.36 (KHTML, like Gecko) Chrome\/96.0.4664.55 Safari\/537.36"",""WebId"":""4d0c31ef-287f-400b-8635-a5033d205f21"",""CustomizedDoclib"":false,""FromApp"":true,""IsDocLib"":true,""ItemCount"":1,""ListBaseTemplateType"":""101"",""ListBaseType"":""DocumentLibrary"",""ListColor"":"""",""ListIcon"":"""",""Source"":""Unknown"",""TemplateTypeId"":"""",""ListTitle"":""f58eab0a-ca1a-47bc-b143-f806195d4eeb""}","17","55","7a2ec75e-91dc-4c07-00ab-08d9b3447326","True","Unchanged"
"ps.outlook.com","ad282db1-b98c-4196-90fb-51baa9b29940","False","SharePointListOperation","2021-11-29 2:27:59 PM","paul@paulvalderconsulting.com","ListViewed","{""AppAccessContext"":{""AADSessionId"":""f28c34b4-8269-4c90-8441-933dabab1bef"",""CorrelationId"":""54e407a0-903d-1000-4124-886bc282e9d4""},""CreationTime"":""2021-11-29T14:27:59"",""Id"":""5e3a2c7e-39b7-4d79-e2bb-08d9b34471b3"",""Operation"":""ListViewed"",""OrganizationId"":""6c9cb679-bd0b-4e89-abdb-022dbc18fff3"",""RecordType"":36,""UserKey"":""i:0h.f|membership|100320004bf00fcc@live.com"",""UserType"":0,""Version"":1,""Workload"":""SharePoint"",""ClientIP"":""172.83.40.24"",""ObjectId"":""https:\/\/paulvalderc.sharepoint.com\/sites\/PVCINC\/f58eab0a-ca1a-47bc-b143-f806195d4eeb"",""UserId"":""paul@paulvalderconsulting.com"",""CorrelationId"":""54e407a0-903d-1000-4124-886bc282e9d4"",""DoNotDistributeEvent"":true,""EventSource"":""SharePoint"",""ItemType"":""List"",""ListId"":""f58eab0a-ca1a-47bc-b143-f806195d4eeb"",""Site"":""9d0109f6-886c-40d9-95a3-5bab1cb17229"",""UserAgent"":""Mozilla\/5.0 (Macintosh; Intel Mac OS X 10_15_7) AppleWebKit\/537.36 (KHTML, like Gecko) Chrome\/96.0.4664.55 Safari\/537.36"",""WebId"":""4d0c31ef-287f-400b-8635-a5033d205f21"",""CustomizedDoclib"":false,""FromApp"":true,""IsDocLib"":true,""ItemCount"":1,""ListBaseTemplateType"":""101"",""ListBaseType"":""DocumentLibrary"",""ListColor"":"""",""ListIcon"":"""",""Source"":""Unknown"",""TemplateTypeId"":"""",""ListTitle"":""f58eab0a-ca1a-47bc-b143-f806195d4eeb""}","18","55","5e3a2c7e-39b7-4d79-e2bb-08d9b34471b3","True","Unchanged"
"ps.outlook.com","ad282db1-b98c-4196-90fb-51baa9b29940","False","SharePointFileOperation","2021-11-29 2:27:59 PM","paul@paulvalderconsulting.com","FileAccessed","{""AppAccessContext"":{""AADSessionId"":""f28c34b4-8269-4c90-8441-933dabab1bef"",""CorrelationId"":""54e407a0-903d-1000-4124-886bc282e9d4""},""CreationTime"":""2021-11-29T14:27:59"",""Id"":""90c52969-7897-46f3-f3c6-08d9b34471c6"",""Operation"":""FileAccessed"",""OrganizationId"":""6c9cb679-bd0b-4e89-abdb-022dbc18fff3"",""RecordType"":6,""UserKey"":""i:0h.f|membership|100320004bf00fcc@live.com"",""UserType"":0,""Version"":1,""Workload"":""SharePoint"",""ClientIP"":""172.83.40.24"",""ObjectId"":""https:\/\/paulvalderc.sharepoint.com\/sites\/PVCINC\/Shared Documents\/Forms\/AllItems.aspx"",""UserId"":""paul@paulvalderconsulting.com"",""CorrelationId"":""54e407a0-903d-1000-4124-886bc282e9d4"",""EventSource"":""SharePoint"",""ItemType"":""File"",""ListId"":""f58eab0a-ca1a-47bc-b143-f806195d4eeb"",""ListItemUniqueId"":""2f0ad9db-dbcf-493e-829e-81ac619f1287"",""Site"":""9d0109f6-886c-40d9-95a3-5bab1cb17229"",""UserAgent"":""Mozilla\/5.0 (Macintosh; Intel Mac OS X 10_15_7) AppleWebKit\/537.36 (KHTML, like Gecko) Chrome\/96.0.4664.55 Safari\/537.36"",""WebId"":""4d0c31ef-287f-400b-8635-a5033d205f21"",""SourceFileExtension"":""aspx"",""SiteUrl"":""https:\/\/paulvalderc.sharepoint.com\/sites\/PVCINC\/"",""SourceFileName"":""AllItems.aspx"",""SourceRelativeUrl"":""Shared Documents\/Forms""}","19","55","90c52969-7897-46f3-f3c6-08d9b34471c6","True","Unchanged"
"ps.outlook.com","ad282db1-b98c-4196-90fb-51baa9b29940","False","SharePointListOperation","2021-11-29 2:26:54 PM","paul@paulvalderconsulting.com","ListViewed","{""AppAccessContext"":{""AADSessionId"":""f28c34b4-8269-4c90-8441-933dabab1bef"",""CorrelationId"":""44e407a0-905b-1000-47da-1903d98b2099""},""CreationTime"":""2021-11-29T14:26:54"",""Id"":""26f15377-7405-41d4-c842-08d9b3444aea"",""Operation"":""ListViewed"",""OrganizationId"":""6c9cb679-bd0b-4e89-abdb-022dbc18fff3"",""RecordType"":36,""UserKey"":""i:0h.f|membership|100320004bf00fcc@live.com"",""UserType"":0,""Version"":1,""Workload"":""SharePoint"",""ClientIP"":""172.83.40.24"",""ObjectId"":""https:\/\/paulvalderc.sharepoint.com\/sites\/PIQCannabisQAStandard\/51e34301-f096-4ab0-bd80-31bcb6b7d8a7"",""UserId"":""paul@paulvalderconsulting.com"",""CorrelationId"":""44e407a0-905b-1000-47da-1903d98b2099"",""DoNotDistributeEvent"":true,""EventSource"":""SharePoint"",""ItemType"":""List"",""ListId"":""51e34301-f096-4ab0-bd80-31bcb6b7d8a7"",""Site"":""6b48c20b-9185-4f9b-8743-e58dba946195"",""UserAgent"":""Mozilla\/5.0 (Macintosh; Intel Mac OS X 10_15_7) AppleWebKit\/537.36 (KHTML, like Gecko) Chrome\/96.0.4664.55 Safari\/537.36"",""WebId"":""90d89b48-52b1-4e85-9770-656258fd282f"",""CustomizedDoclib"":false,""FromApp"":true,""IsDocLib"":true,""ItemCount"":0,""ListBaseTemplateType"":""101"",""ListBaseType"":""DocumentLibrary"",""ListColor"":"""",""ListIcon"":"""",""Source"":""Unknown"",""TemplateTypeId"":"""",""ListTitle"":""51e34301-f096-4ab0-bd80-31bcb6b7d8a7""}","20","55","26f15377-7405-41d4-c842-08d9b3444aea","True","Unchanged"
"ps.outlook.com","ad282db1-b98c-4196-90fb-51baa9b29940","False","SharePointFileOperation","2021-11-29 2:26:54 PM","paul@paulvalderconsulting.com","FileAccessed","{""AppAccessContext"":{""AADSessionId"":""f28c34b4-8269-4c90-8441-933dabab1bef"",""CorrelationId"":""44e407a0-905b-1000-47da-1903d98b2099""},""CreationTime"":""2021-11-29T14:26:54"",""Id"":""173513fc-817f-419d-c71a-08d9b3444b09"",""Operation"":""FileAccessed"",""OrganizationId"":""6c9cb679-bd0b-4e89-abdb-022dbc18fff3"",""RecordType"":6,""UserKey"":""i:0h.f|membership|100320004bf00fcc@live.com"",""UserType"":0,""Version"":1,""Workload"":""SharePoint"",""ClientIP"":""172.83.40.24"",""ObjectId"":""https:\/\/paulvalderc.sharepoint.com\/sites\/PIQCannabisQAStandard\/Shared Documents\/Forms\/AllItems.aspx"",""UserId"":""paul@paulvalderconsulting.com"",""CorrelationId"":""44e407a0-905b-1000-47da-1903d98b2099"",""EventSource"":""SharePoint"",""ItemType"":""File"",""ListId"":""51e34301-f096-4ab0-bd80-31bcb6b7d8a7"",""ListItemUniqueId"":""ddf0fbb8-a4ae-4fda-88ef-e03f1c629abf"",""Site"":""6b48c20b-9185-4f9b-8743-e58dba946195"",""UserAgent"":""Mozilla\/5.0 (Macintosh; Intel Mac OS X 10_15_7) AppleWebKit\/537.36 (KHTML, like Gecko) Chrome\/96.0.4664.55 Safari\/537.36"",""WebId"":""90d89b48-52b1-4e85-9770-656258fd282f"",""SourceFileExtension"":""aspx"",""SiteUrl"":""https:\/\/paulvalderc.sharepoint.com\/sites\/PIQCannabisQAStandard\/"",""SourceFileName"":""AllItems.aspx"",""SourceRelativeUrl"":""Shared Documents\/Forms""}","21","55","173513fc-817f-419d-c71a-08d9b3444b09","True","Unchanged"
"ps.outlook.com","ad282db1-b98c-4196-90fb-51baa9b29940","False","SharePointListOperation","2021-11-29 2:26:50 PM","paul@paulvalderconsulting.com","ListViewed","{""AppAccessContext"":{""AADSessionId"":""f28c34b4-8269-4c90-8441-933dabab1bef"",""CorrelationId"":""43e407a0-405c-1000-4124-8c6da044044d""},""CreationTime"":""2021-11-29T14:26:50"",""Id"":""24aab1fd-1c9e-4875-1b57-08d9b3444879"",""Operation"":""ListViewed"",""OrganizationId"":""6c9cb679-bd0b-4e89-abdb-022dbc18fff3"",""RecordType"":36,""UserKey"":""i:0h.f|membership|100320004bf00fcc@live.com"",""UserType"":0,""Version"":1,""Workload"":""SharePoint"",""ClientIP"":""172.83.40.24"",""ObjectId"":""https:\/\/paulvalderc.sharepoint.com\/sites\/PaulValderConsulting\/ffd40324-e994-4644-b931-0b7613b526a9"",""UserId"":""paul@paulvalderconsulting.com"",""CorrelationId"":""43e407a0-405c-1000-4124-8c6da044044d"",""DoNotDistributeEvent"":true,""EventSource"":""SharePoint"",""ItemType"":""List"",""ListId"":""ffd40324-e994-4644-b931-0b7613b526a9"",""Site"":""a6a331dc-036c-4eff-acaa-1ddbca9f0d05"",""UserAgent"":""Mozilla\/5.0 (Macintosh; Intel Mac OS X 10_15_7) AppleWebKit\/537.36 (KHTML, like Gecko) Chrome\/96.0.4664.55 Safari\/537.36"",""WebId"":""c46ad086-89cf-4ff4-834b-9dc6747cac5e"",""CustomizedDoclib"":false,""FromApp"":true,""IsDocLib"":true,""ItemCount"":18,""ListBaseTemplateType"":""101"",""ListBaseType"":""DocumentLibrary"",""ListColor"":"""",""ListIcon"":"""",""Source"":""Unknown"",""TemplateTypeId"":"""",""ListTitle"":""ffd40324-e994-4644-b931-0b7613b526a9""}","22","55","24aab1fd-1c9e-4875-1b57-08d9b3444879","True","Unchanged"
"ps.outlook.com","ad282db1-b98c-4196-90fb-51baa9b29940","False","SharePointListOperation","2021-11-29 2:26:43 PM","paul@paulvalderconsulting.com","ListViewed","{""AppAccessContext"":{""AADSessionId"":""f28c34b4-8269-4c90-8441-933dabab1bef"",""CorrelationId"":""41e407a0-508c-1000-47da-11bad275f7f0""},""CreationTime"":""2021-11-29T14:26:43"",""Id"":""28206e96-2efb-43c7-954c-08d9b3444413"",""Operation"":""ListViewed"",""OrganizationId"":""6c9cb679-bd0b-4e89-abdb-022dbc18fff3"",""RecordType"":36,""UserKey"":""i:0h.f|membership|100320004bf00fcc@live.com"",""UserType"":0,""Version"":1,""Workload"":""SharePoint"",""ClientIP"":""172.83.40.24"",""ObjectId"":""https:\/\/paulvalderc.sharepoint.com\/sites\/PaulValderConsulting\/ffd40324-e994-4644-b931-0b7613b526a9"",""UserId"":""paul@paulvalderconsulting.com"",""CorrelationId"":""41e407a0-508c-1000-47da-11bad275f7f0"",""DoNotDistributeEvent"":true,""EventSource"":""SharePoint"",""ItemType"":""List"",""ListId"":""ffd40324-e994-4644-b931-0b7613b526a9"",""Site"":""a6a331dc-036c-4eff-acaa-1ddbca9f0d05"",""UserAgent"":""Mozilla\/5.0 (Macintosh; Intel Mac OS X 10_15_7) AppleWebKit\/537.36 (KHTML, like Gecko) Chrome\/96.0.4664.55 Safari\/537.36"",""WebId"":""c46ad086-89cf-4ff4-834b-9dc6747cac5e"",""CustomizedDoclib"":false,""FromApp"":true,""IsDocLib"":true,""ItemCount"":18,""ListBaseTemplateType"":""101"",""ListBaseType"":""DocumentLibrary"",""ListColor"":"""",""ListIcon"":"""",""Source"":""Unknown"",""TemplateTypeId"":"""",""ListTitle"":""ffd40324-e994-4644-b931-0b7613b526a9""}","23","55","28206e96-2efb-43c7-954c-08d9b3444413","True","Unchanged"
"ps.outlook.com","ad282db1-b98c-4196-90fb-51baa9b29940","False","SharePointFileOperation","2021-11-29 2:26:34 PM","paul@paulvalderconsulting.com","FileAccessed","{""AppAccessContext"":{""AADSessionId"":""f28c34b4-8269-4c90-8441-933dabab1bef"",""CorrelationId"":""3fe407a0-8068-1000-4124-896a2e9a740a""},""CreationTime"":""2021-11-29T14:26:34"",""Id"":""2d465f1b-4550-45f5-5cd0-08d9b3443ee8"",""Operation"":""FileAccessed"",""OrganizationId"":""6c9cb679-bd0b-4e89-abdb-022dbc18fff3"",""RecordType"":6,""UserKey"":""i:0h.f|membership|100320004bf00fcc@live.com"",""UserType"":0,""Version"":1,""Workload"":""SharePoint"",""ClientIP"":""172.83.40.24"",""ObjectId"":""https:\/\/paulvalderc.sharepoint.com\/sites\/PaulValderConsulting\/Shared Documents\/Forms\/AllItems.aspx"",""UserId"":""paul@paulvalderconsulting.com"",""CorrelationId"":""3fe407a0-8068-1000-4124-896a2e9a740a"",""EventSource"":""SharePoint"",""ItemType"":""File"",""ListId"":""ffd40324-e994-4644-b931-0b7613b526a9"",""ListItemUniqueId"":""11e73c93-15f9-4d63-8834-047f72a9c845"",""Site"":""a6a331dc-036c-4eff-acaa-1ddbca9f0d05"",""UserAgent"":""Mozilla\/5.0 (Macintosh; Intel Mac OS X 10_15_7) AppleWebKit\/537.36 (KHTML, like Gecko) Chrome\/96.0.4664.55 Safari\/537.36"",""WebId"":""c46ad086-89cf-4ff4-834b-9dc6747cac5e"",""SourceFileExtension"":""aspx"",""SiteUrl"":""https:\/\/paulvalderc.sharepoint.com\/sites\/PaulValderConsulting\/"",""SourceFileName"":""AllItems.aspx"",""SourceRelativeUrl"":""Shared Documents\/Forms""}","24","55","2d465f1b-4550-45f5-5cd0-08d9b3443ee8","True","Unchanged"
"ps.outlook.com","ad282db1-b98c-4196-90fb-51baa9b29940","False","SharePointListOperation","2021-11-29 2:26:34 PM","paul@paulvalderconsulting.com","ListViewed","{""AppAccessContext"":{""AADSessionId"":""f28c34b4-8269-4c90-8441-933dabab1bef"",""CorrelationId"":""3fe407a0-8068-1000-4124-896a2e9a740a""},""CreationTime"":""2021-11-29T14:26:34"",""Id"":""3e0748fd-4f79-4a24-70cd-08d9b3443edc"",""Operation"":""ListViewed"",""OrganizationId"":""6c9cb679-bd0b-4e89-abdb-022dbc18fff3"",""RecordType"":36,""UserKey"":""i:0h.f|membership|100320004bf00fcc@live.com"",""UserType"":0,""Version"":1,""Workload"":""SharePoint"",""ClientIP"":""172.83.40.24"",""ObjectId"":""https:\/\/paulvalderc.sharepoint.com\/sites\/PaulValderConsulting\/ffd40324-e994-4644-b931-0b7613b526a9"",""UserId"":""paul@paulvalderconsulting.com"",""CorrelationId"":""3fe407a0-8068-1000-4124-896a2e9a740a"",""DoNotDistributeEvent"":true,""EventSource"":""SharePoint"",""ItemType"":""List"",""ListId"":""ffd40324-e994-4644-b931-0b7613b526a9"",""Site"":""a6a331dc-036c-4eff-acaa-1ddbca9f0d05"",""UserAgent"":""Mozilla\/5.0 (Macintosh; Intel Mac OS X 10_15_7) AppleWebKit\/537.36 (KHTML, like Gecko) Chrome\/96.0.4664.55 Safari\/537.36"",""WebId"":""c46ad086-89cf-4ff4-834b-9dc6747cac5e"",""CustomizedDoclib"":false,""FromApp"":true,""IsDocLib"":true,""ItemCount"":18,""ListBaseTemplateType"":""101"",""ListBaseType"":""DocumentLibrary"",""ListColor"":"""",""ListIcon"":"""",""Source"":""Unknown"",""TemplateTypeId"":"""",""ListTitle"":""ffd40324-e994-4644-b931-0b7613b526a9""}","25","55","3e0748fd-4f79-4a24-70cd-08d9b3443edc","True","Unchanged"
"ps.outlook.com","ad282db1-b98c-4196-90fb-51baa9b29940","False","SharePointFileOperation","2021-11-29 2:26:20 PM","paul@paulvalderconsulting.com","FileMoved","{""AppAccessContext"":{""AADSessionId"":""f28c34b4-8269-4c90-8441-933dabab1bef"",""CorrelationId"":""3be407a0-50e5-1000-6549-85a64355fdb4""},""CreationTime"":""2021-11-29T14:26:20"",""Id"":""5551c99f-13ee-40cc-42bb-08d9b344365c"",""Operation"":""FileMoved"",""OrganizationId"":""6c9cb679-bd0b-4e89-abdb-022dbc18fff3"",""RecordType"":6,""UserKey"":""i:0h.f|membership|100320004bf00fcc@live.com"",""UserType"":0,""Version"":1,""Workload"":""OneDrive"",""ClientIP"":""172.83.40.24"",""ObjectId"":""https:\/\/paulvalderc-my.sharepoint.com\/personal\/paul_paulvalderconsulting_com\/Documents\/Consulting Agreements\/SAFE FOOD EN ROUTE 2020.pdf"",""UserId"":""paul@paulvalderconsulting.com"",""CorrelationId"":""3be407a0-50e5-1000-6549-85a64355fdb4"",""EventSource"":""SharePoint"",""ItemType"":""File"",""ListId"":""2292f841-c674-4b65-b699-0d7d0d6efe58"",""ListItemUniqueId"":""02e3aa24-4120-4b63-bf43-604d6eca1259"",""Site"":""6f78e048-786f-4c78-97aa-eed320f40136"",""UserAgent"":""Mozilla\/5.0 (Macintosh; Intel Mac OS X 10_15_7) AppleWebKit\/537.36 (KHTML, like Gecko) Chrome\/96.0.4664.55 Safari\/537.36"",""WebId"":""51b18e4c-0641-4809-a0e5-56418969c719"",""DestinationFileExtension"":""pdf"",""HighPriorityMediaProcessing"":false,""SourceFileExtension"":""pdf"",""DestinationFileName"":""SAFE FOOD EN ROUTE 2020.pdf"",""DestinationRelativeUrl"":""Documents\/Consulting Agreements\/Safe Food Enroute"",""SiteUrl"":""https:\/\/paulvalderc-my.sharepoint.com\/personal\/paul_paulvalderconsulting_com\/"",""SourceFileName"":""SAFE FOOD EN ROUTE 2020.pdf"",""SourceRelativeUrl"":""Documents\/Consulting Agreements""}","26","55","5551c99f-13ee-40cc-42bb-08d9b344365c","True","Unchanged"
"ps.outlook.com","ad282db1-b98c-4196-90fb-51baa9b29940","False","SharePointFileOperation","2021-11-29 2:26:16 PM","paul@paulvalderconsulting.com","FileAccessed","{""AppAccessContext"":{""AADSessionId"":""f28c34b4-8269-4c90-8441-933dabab1bef"",""CorrelationId"":""3ae407a0-70ee-1000-47da-1bcc0bc7199f""},""CreationTime"":""2021-11-29T14:26:16"",""Id"":""0f2819fb-d189-4725-8bf3-08d9b34433ee"",""Operation"":""FileAccessed"",""OrganizationId"":""6c9cb679-bd0b-4e89-abdb-022dbc18fff3"",""RecordType"":6,""UserKey"":""i:0h.f|membership|100320004bf00fcc@live.com"",""UserType"":0,""Version"":1,""Workload"":""OneDrive"",""ClientIP"":""172.83.40.24"",""ObjectId"":""https:\/\/paulvalderc-my.sharepoint.com\/personal\/paul_paulvalderconsulting_com\/Documents\/Forms\/All.aspx"",""UserId"":""paul@paulvalderconsulting.com"",""CorrelationId"":""3ae407a0-70ee-1000-47da-1bcc0bc7199f"",""EventSource"":""SharePoint"",""ItemType"":""File"",""ListId"":""2292f841-c674-4b65-b699-0d7d0d6efe58"",""ListItemUniqueId"":""89eaf8ea-8915-4f59-82c9-8fe7a0e48a1e"",""Site"":""6f78e048-786f-4c78-97aa-eed320f40136"",""UserAgent"":""Mozilla\/5.0 (Macintosh; Intel Mac OS X 10_15_7) AppleWebKit\/537.36 (KHTML, like Gecko) Chrome\/96.0.4664.55 Safari\/537.36"",""WebId"":""51b18e4c-0641-4809-a0e5-56418969c719"",""SourceFileExtension"":""aspx"",""SiteUrl"":""https:\/\/paulvalderc-my.sharepoint.com\/personal\/paul_paulvalderconsulting_com\/"",""SourceFileName"":""All.aspx"",""SourceRelativeUrl"":""Documents\/Forms""}","27","55","0f2819fb-d189-4725-8bf3-08d9b34433ee","True","Unchanged"
"ps.outlook.com","ad282db1-b98c-4196-90fb-51baa9b29940","False","SharePointFileOperation","2021-11-29 2:26:15 PM","paul@paulvalderconsulting.com","FolderCreated","{""AppAccessContext"":{""AADSessionId"":""f28c34b4-8269-4c90-8441-933dabab1bef"",""CorrelationId"":""3ae407a0-20d9-1000-47da-12fbe5277e1e""},""CreationTime"":""2021-11-29T14:26:15"",""Id"":""86d33461-42a6-4fd2-66d8-08d9b34433ba"",""Operation"":""FolderCreated"",""OrganizationId"":""6c9cb679-bd0b-4e89-abdb-022dbc18fff3"",""RecordType"":6,""UserKey"":""i:0h.f|membership|100320004bf00fcc@live.com"",""UserType"":0,""Version"":1,""Workload"":""OneDrive"",""ClientIP"":""172.83.40.24"",""ObjectId"":""https:\/\/paulvalderc-my.sharepoint.com\/personal\/paul_paulvalderconsulting_com\/Documents\/Consulting Agreements\/Safe Food Enroute"",""UserId"":""paul@paulvalderconsulting.com"",""CorrelationId"":""3ae407a0-20d9-1000-47da-12fbe5277e1e"",""EventSource"":""SharePoint"",""ItemType"":""Folder"",""ListId"":""2292f841-c674-4b65-b699-0d7d0d6efe58"",""ListItemUniqueId"":""4043c49c-5b79-4e8d-92a0-7e01396edf77"",""Site"":""6f78e048-786f-4c78-97aa-eed320f40136"",""UserAgent"":""Mozilla\/5.0 (Macintosh; Intel Mac OS X 10_15_7) AppleWebKit\/537.36 (KHTML, like Gecko) Chrome\/96.0.4664.55 Safari\/537.36"",""WebId"":""51b18e4c-0641-4809-a0e5-56418969c719"",""SourceFileExtension"":"""",""SiteUrl"":""https:\/\/paulvalderc-my.sharepoint.com\/personal\/paul_paulvalderconsulting_com\/"",""SourceFileName"":""Safe Food Enroute"",""SourceRelativeUrl"":""Documents\/Consulting Agreements""}","28","55","86d33461-42a6-4fd2-66d8-08d9b34433ba","True","Unchanged"
"ps.outlook.com","ad282db1-b98c-4196-90fb-51baa9b29940","False","SharePointFileOperation","2021-11-29 2:25:51 PM","paul@paulvalderconsulting.com","FolderModified","{""AppAccessContext"":{""ClientAppId"":""3138fe80-4087-4b04-80a6-8866c738028a"",""ClientAppName"":""SharePoint Notification Service"",""CorrelationId"":""32e407a0-80ff-1000-4124-85770638732c""},""CreationTime"":""2021-11-29T14:25:51"",""Id"":""d7eb8ec2-aa25-4838-fda0-08d9b3442550"",""Operation"":""FolderModified"",""OrganizationId"":""6c9cb679-bd0b-4e89-abdb-022dbc18fff3"",""RecordType"":6,""UserKey"":""i:0h.f|membership|100320004bf00fcc@live.com"",""UserType"":0,""Version"":1,""Workload"":""OneDrive"",""ClientIP"":""52.232.131.201"",""ObjectId"":""https:\/\/paulvalderc-my.sharepoint.com\/personal\/paul_paulvalderconsulting_com\/Lists\/userActivityFeedHiddenListF4387007BE61432F8BDB85E6"",""UserId"":""paul@paulvalderconsulting.com"",""ApplicationDisplayName"":""SharePoint Notification Service"",""ApplicationId"":""3138fe80-4087-4b04-80a6-8866c738028a"",""CorrelationId"":""32e407a0-80ff-1000-4124-85770638732c"",""EventSource"":""SharePoint"",""ItemType"":""Folder"",""ListId"":""882c0e29-9a52-4fa6-829e-270b3a867b50"",""ListItemUniqueId"":""701693cf-1eb6-4881-acea-8869d0d6b9c8"",""Site"":""6f78e048-786f-4c78-97aa-eed320f40136"",""UserAgent"":"""",""WebId"":""51b18e4c-0641-4809-a0e5-56418969c719"",""SourceFileExtension"":"""",""SiteUrl"":""https:\/\/paulvalderc-my.sharepoint.com\/personal\/paul_paulvalderconsulting_com\/"",""SourceFileName"":""userActivityFeedHiddenListF4387007BE61432F8BDB85E6"",""SourceRelativeUrl"":""Lists""}","29","55","d7eb8ec2-aa25-4838-fda0-08d9b3442550","True","Unchanged"
"ps.outlook.com","ad282db1-b98c-4196-90fb-51baa9b29940","False","SharePointSharingOperation","2021-11-29 2:25:44 PM","paul@paulvalderconsulting.com","SharingSet","{""AppAccessContext"":{""AADSessionId"":""f28c34b4-8269-4c90-8441-933dabab1bef"",""CorrelationId"":""32e407a0-80ff-1000-4124-85770638732c""},""CreationTime"":""2021-11-29T14:25:44"",""Id"":""ebf09325-1a27-425f-318b-08d9b34420e1"",""Operation"":""SharingSet"",""OrganizationId"":""6c9cb679-bd0b-4e89-abdb-022dbc18fff3"",""RecordType"":14,""UserKey"":""i:0h.f|membership|100320004bf00fcc@live.com"",""UserType"":0,""Version"":1,""Workload"":""OneDrive"",""ClientIP"":""172.83.40.24"",""ObjectId"":""https:\/\/paulvalderc-my.sharepoint.com\/personal\/paul_paulvalderconsulting_com\/Documents\/Consulting Agreements\/2_Subcontractor Agreement - Paul Valder Consulting %28unsigned%29 2020.pdf"",""UserId"":""paul@paulvalderconsulting.com"",""CorrelationId"":""32e407a0-80ff-1000-4124-85770638732c"",""EventSource"":""SharePoint"",""ItemType"":""File"",""ListId"":""2292f841-c674-4b65-b699-0d7d0d6efe58"",""ListItemUniqueId"":""835878d1-505e-4910-8327-10fd19c60c35"",""Site"":""6f78e048-786f-4c78-97aa-eed320f40136"",""UserAgent"":""Mozilla\/5.0 (Macintosh; Intel Mac OS X 10_15_7) AppleWebKit\/537.36 (KHTML, like Gecko) Chrome\/96.0.4664.55 Safari\/537.36"",""WebId"":""51b18e4c-0641-4809-a0e5-56418969c719"",""EventData"":""<Permissions granted>Limited Access<\/Permissions granted><MembersCanShareApplied>False<\/MembersCanShareApplied>"",""SourceFileExtension"":""pdf"",""TargetUserOrGroupType"":""SharePointGroup"",""SiteUrl"":""https:\/\/paulvalderc-my.sharepoint.com\/personal\/paul_paulvalderconsulting_com"",""SourceFileName"":""2_Subcontractor Agreement - Paul Valder Consulting %28unsigned%29 2020.pdf"",""SourceRelativeUrl"":""Documents\/Consulting Agreements\/2_Subcontractor Agreement - Paul Valder Consulting %28unsigned%29 2020.pdf"",""TargetUserOrGroupName"":""Limited Access System Group For List 2292f841-c674-4b65-b699-0d7d0d6efe58""}","30","55","ebf09325-1a27-425f-318b-08d9b34420e1","True","Unchanged"
"ps.outlook.com","ad282db1-b98c-4196-90fb-51baa9b29940","False","SharePointSharingOperation","2021-11-29 2:25:44 PM","paul@paulvalderconsulting.com","SharingSet","{""AppAccessContext"":{""AADSessionId"":""f28c34b4-8269-4c90-8441-933dabab1bef"",""CorrelationId"":""32e407a0-80ff-1000-4124-85770638732c""},""CreationTime"":""2021-11-29T14:25:44"",""Id"":""f3e060ea-c679-4e4b-576a-08d9b34420e8"",""Operation"":""SharingSet"",""OrganizationId"":""6c9cb679-bd0b-4e89-abdb-022dbc18fff3"",""RecordType"":14,""UserKey"":""i:0h.f|membership|100320004bf00fcc@live.com"",""UserType"":0,""Version"":1,""Workload"":""OneDrive"",""ClientIP"":""172.83.40.24"",""ObjectId"":""https:\/\/paulvalderc-my.sharepoint.com\/personal\/paul_paulvalderconsulting_com\/Documents\/Consulting Agreements\/2_Subcontractor Agreement - Paul Valder Consulting %28unsigned%29 2020.pdf"",""UserId"":""paul@paulvalderconsulting.com"",""CorrelationId"":""32e407a0-80ff-1000-4124-85770638732c"",""EventSource"":""SharePoint"",""ItemType"":""File"",""ListId"":""2292f841-c674-4b65-b699-0d7d0d6efe58"",""ListItemUniqueId"":""835878d1-505e-4910-8327-10fd19c60c35"",""Site"":""6f78e048-786f-4c78-97aa-eed320f40136"",""UserAgent"":""Mozilla\/5.0 (Macintosh; Intel Mac OS X 10_15_7) AppleWebKit\/537.36 (KHTML, like Gecko) Chrome\/96.0.4664.55 Safari\/537.36"",""WebId"":""51b18e4c-0641-4809-a0e5-56418969c719"",""EventData"":""<Permissions granted>Contribute<\/Permissions granted><MembersCanShareApplied>False<\/MembersCanShareApplied>"",""SourceFileExtension"":""pdf"",""TargetUserOrGroupType"":""SharePointGroup"",""SiteUrl"":""https:\/\/paulvalderc-my.sharepoint.com\/personal\/paul_paulvalderconsulting_com"",""SourceFileName"":""2_Subcontractor Agreement - Paul Valder Consulting %28unsigned%29 2020.pdf"",""SourceRelativeUrl"":""Documents\/Consulting Agreements\/2_Subcontractor Agreement - Paul Valder Consulting %28unsigned%29 2020.pdf"",""TargetUserOrGroupName"":""SharingLinks.835878d1-505e-4910-8327-10fd19c60c35.AnonymousEdit.1c413eac-e7f4-4c0a-9a08-41605e1fc1aa""}","31","55","f3e060ea-c679-4e4b-576a-08d9b34420e8","True","Unchanged"
"ps.outlook.com","ad282db1-b98c-4196-90fb-51baa9b29940","False","SharePointSharingOperation","2021-11-29 2:25:44 PM","paul@paulvalderconsulting.com","AddedToGroup","{""AppAccessContext"":{""AADSessionId"":""f28c34b4-8269-4c90-8441-933dabab1bef"",""CorrelationId"":""32e407a0-80ff-1000-4124-85770638732c""},""CreationTime"":""2021-11-29T14:25:44"",""Id"":""cf1aa4f1-dd70-46c6-6afc-08d9b34420dc"",""Operation"":""AddedToGroup"",""OrganizationId"":""6c9cb679-bd0b-4e89-abdb-022dbc18fff3"",""RecordType"":14,""UserKey"":""i:0h.f|membership|100320004bf00fcc@live.com"",""UserType"":0,""Version"":1,""Workload"":""OneDrive"",""ClientIP"":""172.83.40.24"",""ObjectId"":""https:\/\/paulvalderc-my.sharepoint.com\/personal\/paul_paulvalderconsulting_com"",""UserId"":""paul@paulvalderconsulting.com"",""CorrelationId"":""32e407a0-80ff-1000-4124-85770638732c"",""EventSource"":""SharePoint"",""ItemType"":""Web"",""Site"":""6f78e048-786f-4c78-97aa-eed320f40136"",""UserAgent"":""Mozilla\/5.0 (Macintosh; Intel Mac OS X 10_15_7) AppleWebKit\/537.36 (KHTML, like Gecko) Chrome\/96.0.4664.55 Safari\/537.36"",""WebId"":""51b18e4c-0641-4809-a0e5-56418969c719"",""EventData"":""<Group>Limited Access System Group For List 2292f841-c674-4b65-b699-0d7d0d6efe58<\/Group>"",""TargetUserOrGroupType"":""SecurityGroup"",""SiteUrl"":""https:\/\/paulvalderc-my.sharepoint.com\/personal\/paul_paulvalderconsulting_com"",""TargetUserOrGroupName"":""9f9e8ecdc976bf0450a85a8acd864768bba96fffcd93acb9203fee14f96062a3""}","32","55","cf1aa4f1-dd70-46c6-6afc-08d9b34420dc","True","Unchanged"
"ps.outlook.com","ad282db1-b98c-4196-90fb-51baa9b29940","False","SharePointSharingOperation","2021-11-29 2:25:44 PM","paul@paulvalderconsulting.com","AddedToGroup","{""AppAccessContext"":{""AADSessionId"":""f28c34b4-8269-4c90-8441-933dabab1bef"",""CorrelationId"":""32e407a0-80ff-1000-4124-85770638732c""},""CreationTime"":""2021-11-29T14:25:44"",""Id"":""f2a22693-2d61-49e9-6afc-08d9b34420dc"",""Operation"":""AddedToGroup"",""OrganizationId"":""6c9cb679-bd0b-4e89-abdb-022dbc18fff3"",""RecordType"":14,""UserKey"":""i:0h.f|membership|100320004bf00fcc@live.com"",""UserType"":0,""Version"":1,""Workload"":""OneDrive"",""ClientIP"":""172.83.40.24"",""ObjectId"":""https:\/\/paulvalderc-my.sharepoint.com\/personal\/paul_paulvalderconsulting_com"",""UserId"":""paul@paulvalderconsulting.com"",""CorrelationId"":""32e407a0-80ff-1000-4124-85770638732c"",""EventSource"":""SharePoint"",""ItemType"":""Web"",""Site"":""6f78e048-786f-4c78-97aa-eed320f40136"",""UserAgent"":""Mozilla\/5.0 (Macintosh; Intel Mac OS X 10_15_7) AppleWebKit\/537.36 (KHTML, like Gecko) Chrome\/96.0.4664.55 Safari\/537.36"",""WebId"":""51b18e4c-0641-4809-a0e5-56418969c719"",""EventData"":""<Group>Limited Access System Group For Web 51b18e4c-0641-4809-a0e5-56418969c719<\/Group>"",""TargetUserOrGroupType"":""SecurityGroup"",""SiteUrl"":""https:\/\/paulvalderc-my.sharepoint.com\/personal\/paul_paulvalderconsulting_com"",""TargetUserOrGroupName"":""9f9e8ecdc976bf0450a85a8acd864768bba96fffcd93acb9203fee14f96062a3""}","33","55","f2a22693-2d61-49e9-6afc-08d9b34420dc","True","Unchanged"
"ps.outlook.com","ad282db1-b98c-4196-90fb-51baa9b29940","False","SharePointSharingOperation","2021-11-29 2:25:44 PM","paul@paulvalderconsulting.com","AddedToGroup","{""AppAccessContext"":{""CorrelationId"":""32e407a0-80ff-1000-4124-85770638732c""},""CreationTime"":""2021-11-29T14:25:44"",""Id"":""127a1ff8-0bdb-4561-7de7-08d9b344210e"",""Operation"":""AddedToGroup"",""OrganizationId"":""6c9cb679-bd0b-4e89-abdb-022dbc18fff3"",""RecordType"":14,""UserKey"":""i:0h.f|membership|100320004bf00fcc@live.com"",""UserType"":0,""Version"":1,""Workload"":""OneDrive"",""ClientIP"":"""",""ObjectId"":""https:\/\/paulvalderc-my.sharepoint.com\/personal\/paul_paulvalderconsulting_com"",""UserId"":""paul@paulvalderconsulting.com"",""CorrelationId"":""32e407a0-80ff-1000-4124-85770638732c"",""EventSource"":""SharePoint"",""ItemType"":""Web"",""Site"":""6f78e048-786f-4c78-97aa-eed320f40136"",""UserAgent"":"""",""WebId"":""51b18e4c-0641-4809-a0e5-56418969c719"",""EventData"":""<Group>Limited Access System Group For List 2292f841-c674-4b65-b699-0d7d0d6efe58<\/Group>"",""TargetUserOrGroupType"":""Member"",""SiteUrl"":""https:\/\/paulvalderc-my.sharepoint.com\/personal\/paul_paulvalderconsulting_com"",""TargetUserOrGroupName"":""paul@paulvalderconsulting.com""}","34","55","127a1ff8-0bdb-4561-7de7-08d9b344210e","True","Unchanged"
"ps.outlook.com","ad282db1-b98c-4196-90fb-51baa9b29940","False","SharePointSharingOperation","2021-11-29 2:25:44 PM","paul@paulvalderconsulting.com","AddedToGroup","{""AppAccessContext"":{""CorrelationId"":""32e407a0-80ff-1000-4124-85770638732c""},""CreationTime"":""2021-11-29T14:25:44"",""Id"":""a3a09b3f-0792-4959-7de7-08d9b344210e"",""Operation"":""AddedToGroup"",""OrganizationId"":""6c9cb679-bd0b-4e89-abdb-022dbc18fff3"",""RecordType"":14,""UserKey"":""i:0h.f|membership|100320004bf00fcc@live.com"",""UserType"":0,""Version"":1,""Workload"":""OneDrive"",""ClientIP"":"""",""ObjectId"":""https:\/\/paulvalderc-my.sharepoint.com\/personal\/paul_paulvalderconsulting_com"",""UserId"":""paul@paulvalderconsulting.com"",""CorrelationId"":""32e407a0-80ff-1000-4124-85770638732c"",""EventSource"":""SharePoint"",""ItemType"":""Web"",""Site"":""6f78e048-786f-4c78-97aa-eed320f40136"",""UserAgent"":"""",""WebId"":""51b18e4c-0641-4809-a0e5-56418969c719"",""EventData"":""<Group>Limited Access System Group For Web 51b18e4c-0641-4809-a0e5-56418969c719<\/Group>"",""TargetUserOrGroupType"":""Member"",""SiteUrl"":""https:\/\/paulvalderc-my.sharepoint.com\/personal\/paul_paulvalderconsulting_com"",""TargetUserOrGroupName"":""paul@paulvalderconsulting.com""}","35","55","a3a09b3f-0792-4959-7de7-08d9b344210e","True","Unchanged"
"ps.outlook.com","ad282db1-b98c-4196-90fb-51baa9b29940","False","SharePointSharingOperation","2021-11-29 2:25:44 PM","paul@paulvalderconsulting.com","AnonymousLinkCreated","{""AppAccessContext"":{""AADSessionId"":""f28c34b4-8269-4c90-8441-933dabab1bef"",""CorrelationId"":""32e407a0-80ff-1000-4124-85770638732c""},""CreationTime"":""2021-11-29T14:25:44"",""Id"":""ecdf7072-32d8-45c8-f3b1-08d9b3442104"",""Operation"":""AnonymousLinkCreated"",""OrganizationId"":""6c9cb679-bd0b-4e89-abdb-022dbc18fff3"",""RecordType"":14,""UserKey"":""i:0h.f|membership|100320004bf00fcc@live.com"",""UserType"":0,""Version"":1,""Workload"":""OneDrive"",""ClientIP"":""172.83.40.24"",""ObjectId"":""https:\/\/paulvalderc-my.sharepoint.com\/personal\/paul_paulvalderconsulting_com\/Documents\/Consulting Agreements\/2_Subcontractor Agreement - Paul Valder Consulting %28unsigned%29 2020.pdf"",""UserId"":""paul@paulvalderconsulting.com"",""CorrelationId"":""32e407a0-80ff-1000-4124-85770638732c"",""EventSource"":""SharePoint"",""ItemType"":""File"",""ListId"":""2292f841-c674-4b65-b699-0d7d0d6efe58"",""ListItemUniqueId"":""835878d1-505e-4910-8327-10fd19c60c35"",""Site"":""6f78e048-786f-4c78-97aa-eed320f40136"",""UserAgent"":""Mozilla\/5.0 (Macintosh; Intel Mac OS X 10_15_7) AppleWebKit\/537.36 (KHTML, like Gecko) Chrome\/96.0.4664.55 Safari\/537.36"",""WebId"":""51b18e4c-0641-4809-a0e5-56418969c719"",""EventData"":""<Type>Edit<\/Type><MembersCanShareApplied>False<\/MembersCanShareApplied>"",""SourceFileExtension"":""pdf"",""UniqueSharingId"":""1c413eac-e7f4-4c0a-9a08-41605e1fc1aa"",""SiteUrl"":""https:\/\/paulvalderc-my.sharepoint.com\/personal\/paul_paulvalderconsulting_com"",""SourceFileName"":""2_Subcontractor Agreement - Paul Valder Consulting %28unsigned%29 2020.pdf"",""SourceRelativeUrl"":""Documents\/Consulting Agreements\/2_Subcontractor Agreement - Paul Valder Consulting %28unsigned%29 2020.pdf""}","36","55","ecdf7072-32d8-45c8-f3b1-08d9b3442104","True","Unchanged"
"ps.outlook.com","ad282db1-b98c-4196-90fb-51baa9b29940","False","SharePointSharingOperation","2021-11-29 2:25:44 PM","paul@paulvalderconsulting.com","AddedToGroup","{""AppAccessContext"":{""CorrelationId"":""32e407a0-80ff-1000-4124-85770638732c""},""CreationTime"":""2021-11-29T14:25:44"",""Id"":""39fee2e5-e7b3-4c73-7de7-08d9b344210e"",""Operation"":""AddedToGroup"",""OrganizationId"":""6c9cb679-bd0b-4e89-abdb-022dbc18fff3"",""RecordType"":14,""UserKey"":""i:0h.f|membership|100320004bf00fcc@live.com"",""UserType"":0,""Version"":1,""Workload"":""OneDrive"",""ClientIP"":"""",""ObjectId"":""https:\/\/paulvalderc-my.sharepoint.com\/personal\/paul_paulvalderconsulting_com"",""UserId"":""paul@paulvalderconsulting.com"",""CorrelationId"":""32e407a0-80ff-1000-4124-85770638732c"",""EventSource"":""SharePoint"",""ItemType"":""Web"",""Site"":""6f78e048-786f-4c78-97aa-eed320f40136"",""UserAgent"":"""",""WebId"":""51b18e4c-0641-4809-a0e5-56418969c719"",""EventData"":""<Group>SharingLinks.835878d1-505e-4910-8327-10fd19c60c35.AnonymousEdit.1c413eac-e7f4-4c0a-9a08-41605e1fc1aa<\/Group>"",""TargetUserOrGroupType"":""Member"",""SiteUrl"":""https:\/\/paulvalderc-my.sharepoint.com\/personal\/paul_paulvalderconsulting_com"",""TargetUserOrGroupName"":""paul@paulvalderconsulting.com""}","37","55","39fee2e5-e7b3-4c73-7de7-08d9b344210e","True","Unchanged"
"ps.outlook.com","ad282db1-b98c-4196-90fb-51baa9b29940","False","SharePoint","2021-11-29 2:25:43 PM","paul@paulvalderconsulting.com","GroupAdded","{""AppAccessContext"":{""AADSessionId"":""f28c34b4-8269-4c90-8441-933dabab1bef"",""CorrelationId"":""32e407a0-80ff-1000-4124-85770638732c""},""CreationTime"":""2021-11-29T14:25:43"",""Id"":""45439ce8-9068-4e81-0a94-08d9b34420bb"",""Operation"":""GroupAdded"",""OrganizationId"":""6c9cb679-bd0b-4e89-abdb-022dbc18fff3"",""RecordType"":4,""UserKey"":""i:0h.f|membership|100320004bf00fcc@live.com"",""UserType"":0,""Version"":1,""Workload"":""OneDrive"",""ClientIP"":""172.83.40.24"",""ObjectId"":""https:\/\/paulvalderc-my.sharepoint.com\/personal\/paul_paulvalderconsulting_com"",""UserId"":""paul@paulvalderconsulting.com"",""CorrelationId"":""32e407a0-80ff-1000-4124-85770638732c"",""EventSource"":""SharePoint"",""ItemType"":""Site"",""Site"":""6f78e048-786f-4c78-97aa-eed320f40136"",""UserAgent"":""Mozilla\/5.0 (Macintosh; Intel Mac OS X 10_15_7) AppleWebKit\/537.36 (KHTML, like Gecko) Chrome\/96.0.4664.55 Safari\/537.36"",""ModifiedProperties"":[{""Name"":""Name"",""NewValue"":""SharingLinks.835878d1-505e-4910-8327-10fd19c60c35.AnonymousEdit.1c413eac-e7f4-4c0a-9a08-41605e1fc1aa""}]}","38","55","45439ce8-9068-4e81-0a94-08d9b34420bb","True","Unchanged"
"ps.outlook.com","ad282db1-b98c-4196-90fb-51baa9b29940","False","SharePointSharingOperation","2021-11-29 2:25:43 PM","paul@paulvalderconsulting.com","SharingInheritanceBroken","{""AppAccessContext"":{""AADSessionId"":""f28c34b4-8269-4c90-8441-933dabab1bef"",""CorrelationId"":""32e407a0-80ff-1000-4124-85770638732c""},""CreationTime"":""2021-11-29T14:25:43"",""Id"":""a57eb6b3-4cc5-43f7-bab6-08d9b34420cb"",""Operation"":""SharingInheritanceBroken"",""OrganizationId"":""6c9cb679-bd0b-4e89-abdb-022dbc18fff3"",""RecordType"":14,""UserKey"":""i:0h.f|membership|100320004bf00fcc@live.com"",""UserType"":0,""Version"":1,""Workload"":""OneDrive"",""ClientIP"":""172.83.40.24"",""ObjectId"":""https:\/\/paulvalderc-my.sharepoint.com\/personal\/paul_paulvalderconsulting_com\/Documents\/Consulting Agreements\/2_Subcontractor Agreement - Paul Valder Consulting %28unsigned%29 2020.pdf"",""UserId"":""paul@paulvalderconsulting.com"",""CorrelationId"":""32e407a0-80ff-1000-4124-85770638732c"",""EventSource"":""SharePoint"",""ItemType"":""File"",""ListId"":""2292f841-c674-4b65-b699-0d7d0d6efe58"",""ListItemUniqueId"":""835878d1-505e-4910-8327-10fd19c60c35"",""Site"":""6f78e048-786f-4c78-97aa-eed320f40136"",""UserAgent"":""Mozilla\/5.0 (Macintosh; Intel Mac OS X 10_15_7) AppleWebKit\/537.36 (KHTML, like Gecko) Chrome\/96.0.4664.55 Safari\/537.36"",""WebId"":""51b18e4c-0641-4809-a0e5-56418969c719"",""EventData"":""<copyRoleAssignments>True<\/copyRoleAssignments><clearSubScopes>False<\/clearSubScopes>"",""SourceFileExtension"":""pdf"",""SiteUrl"":""https:\/\/paulvalderc-my.sharepoint.com\/personal\/paul_paulvalderconsulting_com"",""SourceFileName"":""2_Subcontractor Agreement - Paul Valder Consulting %28unsigned%29 2020.pdf"",""SourceRelativeUrl"":""Documents\/Consulting Agreements\/2_Subcontractor Agreement - Paul Valder Consulting %28unsigned%29 2020.pdf""}","39","55","a57eb6b3-4cc5-43f7-bab6-08d9b34420cb","True","Unchanged"
"ps.outlook.com","ad282db1-b98c-4196-90fb-51baa9b29940","False","SharePointSharingOperation","2021-11-29 2:25:43 PM","paul@paulvalderconsulting.com","SharingSet","{""AppAccessContext"":{""AADSessionId"":""f28c34b4-8269-4c90-8441-933dabab1bef"",""CorrelationId"":""32e407a0-80ff-1000-4124-85770638732c""},""CreationTime"":""2021-11-29T14:25:43"",""Id"":""e404c0dd-7b5a-444c-08be-08d9b34420da"",""Operation"":""SharingSet"",""OrganizationId"":""6c9cb679-bd0b-4e89-abdb-022dbc18fff3"",""RecordType"":14,""UserKey"":""i:0h.f|membership|100320004bf00fcc@live.com"",""UserType"":0,""Version"":1,""Workload"":""OneDrive"",""ClientIP"":""172.83.40.24"",""ObjectId"":""https:\/\/paulvalderc-my.sharepoint.com\/personal\/paul_paulvalderconsulting_com\/Documents\/Consulting Agreements\/2_Subcontractor Agreement - Paul Valder Consulting %28unsigned%29 2020.pdf"",""UserId"":""paul@paulvalderconsulting.com"",""CorrelationId"":""32e407a0-80ff-1000-4124-85770638732c"",""EventSource"":""SharePoint"",""ItemType"":""File"",""ListId"":""2292f841-c674-4b65-b699-0d7d0d6efe58"",""ListItemUniqueId"":""835878d1-505e-4910-8327-10fd19c60c35"",""Site"":""6f78e048-786f-4c78-97aa-eed320f40136"",""UserAgent"":""Mozilla\/5.0 (Macintosh; Intel Mac OS X 10_15_7) AppleWebKit\/537.36 (KHTML, like Gecko) Chrome\/96.0.4664.55 Safari\/537.36"",""WebId"":""51b18e4c-0641-4809-a0e5-56418969c719"",""EventData"":""<Permissions granted>System.LimitedEdit<\/Permissions granted><MembersCanShareApplied>False<\/MembersCanShareApplied>"",""SourceFileExtension"":""pdf"",""TargetUserOrGroupType"":""SecurityGroup"",""SiteUrl"":""https:\/\/paulvalderc-my.sharepoint.com\/personal\/paul_paulvalderconsulting_com"",""SourceFileName"":""2_Subcontractor Agreement - Paul Valder Consulting %28unsigned%29 2020.pdf"",""SourceRelativeUrl"":""Documents\/Consulting Agreements\/2_Subcontractor Agreement - Paul Valder Consulting %28unsigned%29 2020.pdf"",""TargetUserOrGroupName"":""9f9e8ecdc976bf0450a85a8acd864768bba96fffcd93acb9203fee14f96062a3""}","40","55","e404c0dd-7b5a-444c-08be-08d9b34420da","True","Unchanged"
"ps.outlook.com","ad282db1-b98c-4196-90fb-51baa9b29940","False","SharePoint","2021-11-29 2:25:31 PM","paul@paulvalderconsulting.com","PageViewed","{""AppAccessContext"":{""AADSessionId"":""f28c34b4-8269-4c90-8441-933dabab1bef"",""CorrelationId"":""2fe407a0-10fb-1000-47da-1b61ffad4a89""},""CreationTime"":""2021-11-29T14:25:31"",""Id"":""cdc703c6-1a2f-4ef3-854b-08d9b344194c"",""Operation"":""PageViewed"",""OrganizationId"":""6c9cb679-bd0b-4e89-abdb-022dbc18fff3"",""RecordType"":4,""UserKey"":""i:0h.f|membership|100320004bf00fcc@live.com"",""UserType"":0,""Version"":1,""Workload"":""OneDrive"",""ClientIP"":""172.83.40.24"",""ObjectId"":""https:\/\/paulvalderc-my.sharepoint.com\/personal\/paul_paulvalderconsulting_com\/_layouts\/15\/sharedialog.aspx"",""UserId"":""paul@paulvalderconsulting.com"",""CorrelationId"":""2fe407a0-10fb-1000-47da-1b61ffad4a89"",""CustomUniqueId"":true,""EventSource"":""SharePoint"",""ItemType"":""Page"",""ListItemUniqueId"":""59a8433d-9bb8-cfef-7da2-06a5382baf6d"",""Site"":""6f78e048-786f-4c78-97aa-eed320f40136"",""UserAgent"":""Mozilla\/5.0 (Macintosh; Intel Mac OS X 10_15_7) AppleWebKit\/537.36 (KHTML, like Gecko) Chrome\/96.0.4664.55 Safari\/537.36"",""WebId"":""51b18e4c-0641-4809-a0e5-56418969c719""}","41","55","cdc703c6-1a2f-4ef3-854b-08d9b344194c","True","Unchanged"
"ps.outlook.com","ad282db1-b98c-4196-90fb-51baa9b29940","False","SharePointFileOperation","2021-11-29 2:12:43 PM","paul@paulvalderconsulting.com","FileUploaded","{""AppAccessContext"":{""AADSessionId"":""f28c34b4-8269-4c90-8441-933dabab1bef"",""CorrelationId"":""74e307a0-b090-1000-47da-170a97130eb4""},""CreationTime"":""2021-11-29T14:12:43"",""Id"":""2344e51e-b2ae-4c77-edcd-08d9b3424fd0"",""Operation"":""FileUploaded"",""OrganizationId"":""6c9cb679-bd0b-4e89-abdb-022dbc18fff3"",""RecordType"":6,""UserKey"":""i:0h.f|membership|100320004bf00fcc@live.com"",""UserType"":0,""Version"":1,""Workload"":""OneDrive"",""ClientIP"":""172.83.40.24"",""ObjectId"":""https:\/\/paulvalderc-my.sharepoint.com\/personal\/paul_paulvalderconsulting_com\/Documents\/Consulting Agreements\/2_Subcontractor Agreement - Paul Valder Consulting %28unsigned%29 2020.pdf"",""UserId"":""paul@paulvalderconsulting.com"",""CorrelationId"":""74e307a0-b090-1000-47da-170a97130eb4"",""EventSource"":""SharePoint"",""ItemType"":""File"",""ListId"":""2292f841-c674-4b65-b699-0d7d0d6efe58"",""ListItemUniqueId"":""835878d1-505e-4910-8327-10fd19c60c35"",""Site"":""6f78e048-786f-4c78-97aa-eed320f40136"",""UserAgent"":""Mozilla\/5.0 (Macintosh; Intel Mac OS X 10_15_7) AppleWebKit\/537.36 (KHTML, like Gecko) Chrome\/96.0.4664.55 Safari\/537.36"",""WebId"":""51b18e4c-0641-4809-a0e5-56418969c719"",""FileSizeBytes"":236055,""HighPriorityMediaProcessing"":false,""ImplicitShare"":""No"",""SourceFileExtension"":""pdf"",""SiteUrl"":""https:\/\/paulvalderc-my.sharepoint.com\/personal\/paul_paulvalderconsulting_com\/"",""SourceFileName"":""2_Subcontractor Agreement - Paul Valder Consulting %28unsigned%29 2020.pdf"",""SourceRelativeUrl"":""Documents\/Consulting Agreements""}","42","55","2344e51e-b2ae-4c77-edcd-08d9b3424fd0","True","Unchanged"
"ps.outlook.com","ad282db1-b98c-4196-90fb-51baa9b29940","False","SharePointFileOperation","2021-11-29 2:12:39 PM","paul@paulvalderconsulting.com","FileUploaded","{""AppAccessContext"":{""AADSessionId"":""f28c34b4-8269-4c90-8441-933dabab1bef"",""CorrelationId"":""73e307a0-5067-1000-47da-112b0a374b16""},""CreationTime"":""2021-11-29T14:12:39"",""Id"":""e1929f14-7f9d-452a-5652-08d9b3424d2f"",""Operation"":""FileUploaded"",""OrganizationId"":""6c9cb679-bd0b-4e89-abdb-022dbc18fff3"",""RecordType"":6,""UserKey"":""i:0h.f|membership|100320004bf00fcc@live.com"",""UserType"":0,""Version"":1,""Workload"":""OneDrive"",""ClientIP"":""172.83.40.24"",""ObjectId"":""https:\/\/paulvalderc-my.sharepoint.com\/personal\/paul_paulvalderconsulting_com\/Documents\/Consulting Agreements\/1_Mutual NDA - Safe Food En Route - Paul Valder Consulting %28unsigned%29 2020.pdf"",""UserId"":""paul@paulvalderconsulting.com"",""CorrelationId"":""73e307a0-5067-1000-47da-112b0a374b16"",""EventSource"":""SharePoint"",""ItemType"":""File"",""ListId"":""2292f841-c674-4b65-b699-0d7d0d6efe58"",""ListItemUniqueId"":""85b473cd-1734-4b6f-9b7e-4d8efb31da31"",""Site"":""6f78e048-786f-4c78-97aa-eed320f40136"",""UserAgent"":""Mozilla\/5.0 (Macintosh; Intel Mac OS X 10_15_7) AppleWebKit\/537.36 (KHTML, like Gecko) Chrome\/96.0.4664.55 Safari\/537.36"",""WebId"":""51b18e4c-0641-4809-a0e5-56418969c719"",""FileSizeBytes"":114378,""HighPriorityMediaProcessing"":false,""ImplicitShare"":""No"",""SourceFileExtension"":""pdf"",""SiteUrl"":""https:\/\/paulvalderc-my.sharepoint.com\/personal\/paul_paulvalderconsulting_com\/"",""SourceFileName"":""1_Mutual NDA - Safe Food En Route - Paul Valder Consulting %28unsigned%29 2020.pdf"",""SourceRelativeUrl"":""Documents\/Consulting Agreements""}","43","55","e1929f14-7f9d-452a-5652-08d9b3424d2f","True","Unchanged"
"ps.outlook.com","ad282db1-b98c-4196-90fb-51baa9b29940","False","SharePointFileOperation","2021-11-29 2:12:31 PM","paul@paulvalderconsulting.com","FileAccessed","{""AppAccessContext"":{""ClientAppId"":""00000003-0000-0ff1-ce00-000000000000"",""ClientAppName"":""SharePoint Application"",""CorrelationId"":""71e307a0-2063-1000-47da-1f6314b1e561""},""CreationTime"":""2021-11-29T14:12:31"",""Id"":""2a272923-e1e9-4595-75ee-08d9b342483c"",""Operation"":""FileAccessed"",""OrganizationId"":""6c9cb679-bd0b-4e89-abdb-022dbc18fff3"",""RecordType"":6,""UserKey"":""i:0h.f|membership|100320004bf00fcc@live.com"",""UserType"":0,""Version"":1,""Workload"":""SharePoint"",""ClientIP"":""52.104.76.170"",""ObjectId"":""https:\/\/paulvalderc.sharepoint.com\/sites\/PaulValderConsulting\/SiteAssets\/__siteIcon__.jpg"",""UserId"":""paul@paulvalderconsulting.com"",""ApplicationDisplayName"":""SharePoint Application"",""ApplicationId"":""00000003-0000-0ff1-ce00-000000000000"",""CorrelationId"":""71e307a0-2063-1000-47da-1f6314b1e561"",""DoNotDistributeEvent"":true,""EventSource"":""SharePoint"",""ItemType"":""File"",""ListId"":""cf07f4d0-5a56-4a68-a0a1-b53793fb92bf"",""ListItemUniqueId"":""3676d75c-5b72-42fc-a85a-e2afdc6d1a4e"",""Site"":""a6a331dc-036c-4eff-acaa-1ddbca9f0d05"",""WebId"":""c46ad086-89cf-4ff4-834b-9dc6747cac5e"",""HighPriorityMediaProcessing"":false,""SourceFileExtension"":""jpg"",""SiteUrl"":""https:\/\/paulvalderc.sharepoint.com\/sites\/PaulValderConsulting\/"",""SourceFileName"":""__siteIcon__.jpg"",""SourceRelativeUrl"":""SiteAssets""}","44","55","2a272923-e1e9-4595-75ee-08d9b342483c","True","Unchanged"
"ps.outlook.com","ad282db1-b98c-4196-90fb-51baa9b29940","False","SharePointFileOperation","2021-11-29 2:12:31 PM","paul@paulvalderconsulting.com","FileAccessed","{""AppAccessContext"":{  ""ClientAppId"": ""00000003-0000-0ff1-ce00-000000000000"",  ""ClientAppName"": ""SharePoint Application"",  ""CorrelationId"": ""71e307a0-3063-1000-47da-14f7a928f83b""},""CreationTime"":""2021-11-29T14:12:31"",""Id"":""746f570a-41a3-4dbb-a466-08d9b342484c"",""Operation"":""FileAccessed"",""OrganizationId"":""6c9cb679-bd0b-4e89-abdb-022dbc18fff3"",""RecordType"":""6"",""UserKey"":""i:0h.f|membership|100320004bf00fcc@live.com"",""UserType"":""0"",""Version"":""1"",""Workload"":""SharePoint"",""ClientIP"":""52.104.76.171"",""ObjectId"":""https:\/\/paulvalderc.sharepoint.com\/sites\/AllSalesTeam-c036c9b0-d80c-423b-afed-8642ce2d6076\/SiteAssets\/__siteIcon__.jpg"",""UserId"":""paul@paulvalderconsulting.com"",""ApplicationDisplayName"":""SharePoint Application"",""ApplicationId"":""00000003-0000-0ff1-ce00-000000000000"",""CorrelationId"":""71e307a0-3063-1000-47da-14f7a928f83b"",""DoNotDistributeEvent"":""true"",""EventSource"":""SharePoint"",""ItemType"":""File"",""ListId"":""792dd149-8faf-4a74-af11-7e0991f48903"",""ListItemUniqueId"":""62783dc8-afd9-471d-ad59-a63612959751"",""Site"":""7030e05a-1688-4168-a06b-fc4dfef84acf"",""WebId"":""c46ad086-89cf-4ff4-834b-9dc6747cac5e"",""HighPriorityMediaProcessing"":""false"",""SourceFileExtension"":""jpg"",""SiteUrl"":""https:\/\/paulvalderc.sharepoint.com\/sites\/AllSalesTeam-c036c9b0-d80c-423b-afed-8642ce2d6076\/"",""SourceFileName"":""__siteIcon__.jpg"",""SourceRelativeUrl"":""SiteAssets""}","45","55","746f570a-41a3-4dbb-a466-08d9b342484c","True","Unchanged"
"ps.outlook.com","ad282db1-b98c-4196-90fb-51baa9b29940","False","AzureActiveDirectoryStsLogon","2021-11-29 2:12:31 PM","paul@paulvalderconsulting.com","UserLoggedIn","{""CreationTime"":""2021-11-29T14:12:31"",""Id"":""a6020316-8dc9-41b0-b9ac-34101a8fca01"",""Operation"":""UserLoggedIn"",""OrganizationId"":""6c9cb679-bd0b-4e89-abdb-022dbc18fff3"",""RecordType"":15,""ResultStatus"":""Success"",""UserKey"":""acfd09cd-854b-40c6-b8ee-0de1a2134662"",""UserType"":0,""Version"":1,""Workload"":""AzureActiveDirectory"",""ClientIP"":""172.83.40.24"",""ObjectId"":""5f09333a-842c-47da-a157-57da27fcbca5"",""UserId"":""paul@paulvalderconsulting.com"",""AzureActiveDirectoryEventType"":1,""ExtendedProperties"":[{""Name"":""ResultStatusDetail"",""Value"":""Redirect""},{""Name"":""UserAgent"",""Value"":""Mozilla\/5.0 (Macintosh; Intel Mac OS X 10_15_7) AppleWebKit\/537.36 (KHTML, like Gecko) Chrome\/96.0.4664.55 Safari\/537.36""},{""Name"":""RequestType"",""Value"":""OAuth2:Authorize""}],""ModifiedProperties"":[],""Actor"":[{""ID"":""acfd09cd-854b-40c6-b8ee-0de1a2134662"",""Type"":0},{""ID"":""paul@paulvalderconsulting.com"",""Type"":5}],""ActorContextId"":""6c9cb679-bd0b-4e89-abdb-022dbc18fff3"",""ActorIpAddress"":""172.83.40.24"",""InterSystemsId"":""7acc5934-8ac3-4af3-9c61-1d1e4af18f7e"",""IntraSystemId"":""a6020316-8dc9-41b0-b9ac-34101a8fca01"",""SupportTicketId"":"""",""Target"":[{""ID"":""5f09333a-842c-47da-a157-57da27fcbca5"",""Type"":0}],""TargetContextId"":""6c9cb679-bd0b-4e89-abdb-022dbc18fff3"",""ApplicationId"":""89bee1f7-5e6e-4d8a-9f3d-ecd601259da7"",""DeviceProperties"":[{""Name"":""OS"",""Value"":""MacOs""},{""Name"":""BrowserType"",""Value"":""Chrome""},{""Name"":""IsCompliantAndManaged"",""Value"":""False""},{""Name"":""SessionId"",""Value"":""f28c34b4-8269-4c90-8441-933dabab1bef""}],""ErrorNumber"":""0""}","46","55","a6020316-8dc9-41b0-b9ac-34101a8fca01","True","Unchanged"
"ps.outlook.com","ad282db1-b98c-4196-90fb-51baa9b29940","False","SharePointFileOperation","2021-11-29 2:12:31 PM","paul@paulvalderconsulting.com","FileAccessed","{""AppAccessContext"":{""ClientAppId"":""00000003-0000-0ff1-ce00-000000000000"",""ClientAppName"":""SharePoint Application"",""CorrelationId"":""71e307a0-f063-1000-47da-1a621a023952""},""CreationTime"":""2021-11-29T14:12:31"",""Id"":""3cee00e1-0bc3-42c8-8c45-08d9b342484a"",""Operation"":""FileAccessed"",""OrganizationId"":""6c9cb679-bd0b-4e89-abdb-022dbc18fff3"",""RecordType"":6,""UserKey"":""i:0h.f|membership|100320004bf00fcc@live.com"",""UserType"":0,""Version"":1,""Workload"":""SharePoint"",""ClientIP"":""52.104.76.173"",""ObjectId"":""https:\/\/paulvalderc.sharepoint.com\/sites\/PVCINC\/SiteAssets\/__siteIcon__.jpg"",""UserId"":""paul@paulvalderconsulting.com"",""ApplicationDisplayName"":""SharePoint Application"",""ApplicationId"":""00000003-0000-0ff1-ce00-000000000000"",""CorrelationId"":""71e307a0-f063-1000-47da-1a621a023952"",""DoNotDistributeEvent"":true,""EventSource"":""SharePoint"",""ItemType"":""File"",""ListId"":""9b606002-e32a-48c4-ae88-07ce8fe61f1f"",""ListItemUniqueId"":""154d227a-5fdf-4332-9489-7662a3bb2e34"",""Site"":""9d0109f6-886c-40d9-95a3-5bab1cb17229"",""WebId"":""4d0c31ef-287f-400b-8635-a5033d205f21"",""HighPriorityMediaProcessing"":false,""SourceFileExtension"":""jpg"",""SiteUrl"":""https:\/\/paulvalderc.sharepoint.com\/sites\/PVCINC\/"",""SourceFileName"":""__siteIcon__.jpg"",""SourceRelativeUrl"":""SiteAssets""}","47","55","3cee00e1-0bc3-42c8-8c45-08d9b342484a","True","Unchanged"
"ps.outlook.com","ad282db1-b98c-4196-90fb-51baa9b29940","False","SharePointFileOperation","2021-11-29 2:12:31 PM","paul@paulvalderconsulting.com","FileAccessed","{""AppAccessContext"":{""ClientAppId"":""00000003-0000-0ff1-ce00-000000000000"",""ClientAppName"":""SharePoint Application"",""CorrelationId"":""71e307a0-2063-1000-47da-113d6bb0284b""},""CreationTime"":""2021-11-29T14:12:31"",""Id"":""9719dd6a-59a4-4c2b-114a-08d9b3424831"",""Operation"":""FileAccessed"",""OrganizationId"":""6c9cb679-bd0b-4e89-abdb-022dbc18fff3"",""RecordType"":6,""UserKey"":""i:0h.f|membership|100320004bf00fcc@live.com"",""UserType"":0,""Version"":1,""Workload"":""SharePoint"",""ClientIP"":""52.104.76.160"",""ObjectId"":""https:\/\/paulvalderc.sharepoint.com\/sites\/PIQCannabisQAStandard\/SiteAssets\/__siteIcon__.jpg"",""UserId"":""paul@paulvalderconsulting.com"",""ApplicationDisplayName"":""SharePoint Application"",""ApplicationId"":""00000003-0000-0ff1-ce00-000000000000"",""CorrelationId"":""71e307a0-2063-1000-47da-113d6bb0284b"",""DoNotDistributeEvent"":true,""EventSource"":""SharePoint"",""ItemType"":""File"",""ListId"":""7b336040-13cf-43a4-9fcf-ca0fdb8f877e"",""ListItemUniqueId"":""55542b31-eff2-4a49-b9d2-4d680dc7ea8c"",""Site"":""6b48c20b-9185-4f9b-8743-e58dba946195"",""WebId"":""90d89b48-52b1-4e85-9770-656258fd282f"",""HighPriorityMediaProcessing"":false,""SourceFileExtension"":""jpg"",""SiteUrl"":""https:\/\/paulvalderc.sharepoint.com\/sites\/PIQCannabisQAStandard\/"",""SourceFileName"":""__siteIcon__.jpg"",""SourceRelativeUrl"":""SiteAssets""}","48","55","9719dd6a-59a4-4c2b-114a-08d9b3424831","True","Unchanged"
"ps.outlook.com","ad282db1-b98c-4196-90fb-51baa9b29940","False","SharePoint","2021-11-29 2:12:30 PM","paul@paulvalderconsulting.com","SearchQueryPerformed","{""AppAccessContext"":{""ClientAppId"":""dcad865d-9257-4521-ad4d-bae3e137b345"",""ClientAppName"":""Microsoft SharePoint Online - SharePoint Home"",""CorrelationId"":""3e166e80-8320-4102-87fb-e4a2dcaff68d""},""CreationTime"":""2021-11-29T14:12:30"",""Id"":""feb4aa6b-87cf-46ce-1639-08d9b34247ef"",""Operation"":""SearchQueryPerformed"",""OrganizationId"":""6c9cb679-bd0b-4e89-abdb-022dbc18fff3"",""RecordType"":4,""UserKey"":""i:0h.f|membership|100320004bf00fcc@live.com"",""UserType"":0,""Version"":1,""Workload"":""SharePoint"",""ClientIP"":""52.232.129.84"",""ObjectId"":""3e166e80-8320-4102-87fb-e4a2dcaff68d"",""UserId"":""paul@paulvalderconsulting.com"",""ApplicationDisplayName"":""Microsoft SharePoint Online - SharePoint Home"",""ApplicationId"":""dcad865d-9257-4521-ad4d-bae3e137b345"",""CorrelationId"":""3e166e80-8320-4102-87fb-e4a2dcaff68d"",""EventSource"":""SharePoint"",""ItemType"":""Web"",""Site"":""95e98d94-ed86-4083-8eb6-a8504020a9a4"",""EventData"":""<ClientType>SPHomeODSPDocLibsWeb<\/ClientType>""}","49","55","feb4aa6b-87cf-46ce-1639-08d9b34247ef","True","Unchanged"
"ps.outlook.com","ad282db1-b98c-4196-90fb-51baa9b29940","False","SharePoint","2021-11-29 2:12:28 PM","paul@paulvalderconsulting.com","PageViewed","{""AppAccessContext"":{""AADSessionId"":""f28c34b4-8269-4c90-8441-933dabab1bef"",""CorrelationId"":""70e307a0-10e8-1000-47da-1ead8a7f1657""},""CreationTime"":""2021-11-29T14:12:28"",""Id"":""e3115cdb-5ae0-4a30-0866-08d9b34246e7"",""Operation"":""PageViewed"",""OrganizationId"":""6c9cb679-bd0b-4e89-abdb-022dbc18fff3"",""RecordType"":4,""UserKey"":""i:0h.f|membership|100320004bf00fcc@live.com"",""UserType"":0,""Version"":1,""Workload"":""OneDrive"",""ClientIP"":""172.83.40.24"",""ObjectId"":""https:\/\/paulvalderc-my.sharepoint.com\/personal\/paul_paulvalderconsulting_com\/_layouts\/15\/onedrive.aspx"",""UserId"":""paul@paulvalderconsulting.com"",""CorrelationId"":""70e307a0-10e8-1000-47da-1ead8a7f1657"",""CustomUniqueId"":true,""EventSource"":""SharePoint"",""ItemType"":""Page"",""ListItemUniqueId"":""59a8433d-9bb8-cfef-6edc-4c0fc8b86875"",""Site"":""6f78e048-786f-4c78-97aa-eed320f40136"",""UserAgent"":""Mozilla\/5.0 (Macintosh; Intel Mac OS X 10_15_7) AppleWebKit\/537.36 (KHTML, like Gecko) Chrome\/96.0.4664.55 Safari\/537.36"",""WebId"":""51b18e4c-0641-4809-a0e5-56418969c719""}","50","55","e3115cdb-5ae0-4a30-0866-08d9b34246e7","True","Unchanged"
"ps.outlook.com","ad282db1-b98c-4196-90fb-51baa9b29940","False","AzureActiveDirectoryStsLogon","2021-11-29 2:12:27 PM","paul@paulvalderconsulting.com","UserLoggedIn","{""CreationTime"":""2021-11-29T14:12:27"",""Id"":""8e5988ed-1738-415c-a544-56257b490e01"",""Operation"":""UserLoggedIn"",""OrganizationId"":""6c9cb679-bd0b-4e89-abdb-022dbc18fff3"",""RecordType"":15,""ResultStatus"":""Success"",""UserKey"":""acfd09cd-854b-40c6-b8ee-0de1a2134662"",""UserType"":0,""Version"":1,""Workload"":""AzureActiveDirectory"",""ClientIP"":""172.83.40.24"",""ObjectId"":""00000003-0000-0ff1-ce00-000000000000"",""UserId"":""paul@paulvalderconsulting.com"",""AzureActiveDirectoryEventType"":1,""ExtendedProperties"":[{""Name"":""ResultStatusDetail"",""Value"":""Success""},{""Name"":""UserAgent"",""Value"":""Mozilla\/5.0 (Macintosh; Intel Mac OS X 10_15_7) AppleWebKit\/537.36 (KHTML, like Gecko) Chrome\/96.0.4664.55 Safari\/537.36""},{""Name"":""RequestType"",""Value"":""OAuth2:Authorize""}],""ModifiedProperties"":[],""Actor"":[{""ID"":""acfd09cd-854b-40c6-b8ee-0de1a2134662"",""Type"":0},{""ID"":""paul@paulvalderconsulting.com"",""Type"":5}],""ActorContextId"":""6c9cb679-bd0b-4e89-abdb-022dbc18fff3"",""ActorIpAddress"":""172.83.40.24"",""InterSystemsId"":""70e307a0-1057-1000-47da-1007c9bdb196"",""IntraSystemId"":""8e5988ed-1738-415c-a544-56257b490e01"",""SupportTicketId"":"""",""Target"":[{""ID"":""00000003-0000-0ff1-ce00-000000000000"",""Type"":0}],""TargetContextId"":""6c9cb679-bd0b-4e89-abdb-022dbc18fff3"",""ApplicationId"":""00000003-0000-0ff1-ce00-000000000000"",""DeviceProperties"":[{""Name"":""OS"",""Value"":""MacOs""},{""Name"":""BrowserType"",""Value"":""Chrome""},{""Name"":""IsCompliantAndManaged"",""Value"":""False""},{""Name"":""SessionId"",""Value"":""f28c34b4-8269-4c90-8441-933dabab1bef""}],""ErrorNumber"":""0""}","51","55","8e5988ed-1738-415c-a544-56257b490e01","True","Unchanged"
"ps.outlook.com","ad282db1-b98c-4196-90fb-51baa9b29940","False","AzureActiveDirectoryStsLogon","2021-11-29 2:12:21 PM","paul@paulvalderconsulting.com","UserLoggedIn","{""CreationTime"":""2021-11-29T14:12:21"",""Id"":""c152bfdd-a0b9-47e4-b816-08faedb5cb01"",""Operation"":""UserLoggedIn"",""OrganizationId"":""6c9cb679-bd0b-4e89-abdb-022dbc18fff3"",""RecordType"":15,""ResultStatus"":""Success"",""UserKey"":""acfd09cd-854b-40c6-b8ee-0de1a2134662"",""UserType"":0,""Version"":1,""Workload"":""AzureActiveDirectory"",""ClientIP"":""172.83.40.24"",""ObjectId"":""5f09333a-842c-47da-a157-57da27fcbca5"",""UserId"":""paul@paulvalderconsulting.com"",""AzureActiveDirectoryEventType"":1,""ExtendedProperties"":[{""Name"":""ResultStatusDetail"",""Value"":""Redirect""},{""Name"":""UserAgent"",""Value"":""Mozilla\/5.0 (Macintosh; Intel Mac OS X 10_15_7) AppleWebKit\/537.36 (KHTML, like Gecko) Chrome\/96.0.4664.55 Safari\/537.36""},{""Name"":""RequestType"",""Value"":""OAuth2:Authorize""}],""ModifiedProperties"":[],""Actor"":[{""ID"":""acfd09cd-854b-40c6-b8ee-0de1a2134662"",""Type"":0},{""ID"":""paul@paulvalderconsulting.com"",""Type"":5}],""ActorContextId"":""6c9cb679-bd0b-4e89-abdb-022dbc18fff3"",""ActorIpAddress"":""172.83.40.24"",""InterSystemsId"":""b2986120-18ce-454f-879c-0ff68298953b"",""IntraSystemId"":""c152bfdd-a0b9-47e4-b816-08faedb5cb01"",""SupportTicketId"":"""",""Target"":[{""ID"":""5f09333a-842c-47da-a157-57da27fcbca5"",""Type"":0}],""TargetContextId"":""6c9cb679-bd0b-4e89-abdb-022dbc18fff3"",""ApplicationId"":""89bee1f7-5e6e-4d8a-9f3d-ecd601259da7"",""DeviceProperties"":[{""Name"":""OS"",""Value"":""MacOs""},{""Name"":""BrowserType"",""Value"":""Chrome""},{""Name"":""IsCompliantAndManaged"",""Value"":""False""},{""Name"":""SessionId"",""Value"":""f28c34b4-8269-4c90-8441-933dabab1bef""}],""ErrorNumber"":""0""}","52","55","c152bfdd-a0b9-47e4-b816-08faedb5cb01","True","Unchanged"
"ps.outlook.com","ad282db1-b98c-4196-90fb-51baa9b29940","False","AzureActiveDirectoryStsLogon","2021-11-29 2:12:20 PM","paul@paulvalderconsulting.com","UserLoggedIn","{""CreationTime"":""2021-11-29T14:12:20"",""Id"":""8e5988ed-1738-415c-a544-5625c8460e01"",""Operation"":""UserLoggedIn"",""OrganizationId"":""6c9cb679-bd0b-4e89-abdb-022dbc18fff3"",""RecordType"":15,""ResultStatus"":""Success"",""UserKey"":""acfd09cd-854b-40c6-b8ee-0de1a2134662"",""UserType"":0,""Version"":1,""Workload"":""AzureActiveDirectory"",""ClientIP"":""172.83.40.24"",""ObjectId"":""00000003-0000-0000-c000-000000000000"",""UserId"":""paul@paulvalderconsulting.com"",""AzureActiveDirectoryEventType"":1,""ExtendedProperties"":[{""Name"":""ResultStatusDetail"",""Value"":""Redirect""},{""Name"":""UserAgent"",""Value"":""Mozilla\/5.0 (Macintosh; Intel Mac OS X 10_15_7) AppleWebKit\/537.36 (KHTML, like Gecko) Chrome\/96.0.4664.55 Safari\/537.36""},{""Name"":""RequestType"",""Value"":""OAuth2:Authorize""}],""ModifiedProperties"":[],""Actor"":[{""ID"":""acfd09cd-854b-40c6-b8ee-0de1a2134662"",""Type"":0},{""ID"":""paul@paulvalderconsulting.com"",""Type"":5}],""ActorContextId"":""6c9cb679-bd0b-4e89-abdb-022dbc18fff3"",""ActorIpAddress"":""172.83.40.24"",""InterSystemsId"":""4dab8f3f-6710-4923-97ba-8cd7b2e16fd8"",""IntraSystemId"":""8e5988ed-1738-415c-a544-5625c8460e01"",""SupportTicketId"":"""",""Target"":[{""ID"":""00000003-0000-0000-c000-000000000000"",""Type"":0}],""TargetContextId"":""6c9cb679-bd0b-4e89-abdb-022dbc18fff3"",""ApplicationId"":""89bee1f7-5e6e-4d8a-9f3d-ecd601259da7"",""DeviceProperties"":[{""Name"":""OS"",""Value"":""MacOs""},{""Name"":""BrowserType"",""Value"":""Chrome""},{""Name"":""IsCompliantAndManaged"",""Value"":""False""},{""Name"":""SessionId"",""Value"":""f28c34b4-8269-4c90-8441-933dabab1bef""}],""ErrorNumber"":""0""}","53","55","8e5988ed-1738-415c-a544-5625c8460e01","True","Unchanged"
"ps.outlook.com","ad282db1-b98c-4196-90fb-51baa9b29940","False","AzureActiveDirectoryStsLogon","2021-11-29 2:12:20 PM","paul@paulvalderconsulting.com","UserLoggedIn","{""CreationTime"":""2021-11-29T14:12:20"",""Id"":""928118b4-01a9-435c-bdbc-3e88bffae901"",""Operation"":""UserLoggedIn"",""OrganizationId"":""6c9cb679-bd0b-4e89-abdb-022dbc18fff3"",""RecordType"":15,""ResultStatus"":""Success"",""UserKey"":""acfd09cd-854b-40c6-b8ee-0de1a2134662"",""UserType"":0,""Version"":1,""Workload"":""AzureActiveDirectory"",""ClientIP"":""172.83.40.24"",""ObjectId"":""00000003-0000-0000-c000-000000000000"",""UserId"":""paul@paulvalderconsulting.com"",""AzureActiveDirectoryEventType"":1,""ExtendedProperties"":[{""Name"":""ResultStatusDetail"",""Value"":""Redirect""},{""Name"":""UserAgent"",""Value"":""Mozilla\/5.0 (Macintosh; Intel Mac OS X 10_15_7) AppleWebKit\/537.36 (KHTML, like Gecko) Chrome\/96.0.4664.55 Safari\/537.36""},{""Name"":""RequestType"",""Value"":""OAuth2:Authorize""}],""ModifiedProperties"":[],""Actor"":[{""ID"":""acfd09cd-854b-40c6-b8ee-0de1a2134662"",""Type"":0},{""ID"":""paul@paulvalderconsulting.com"",""Type"":5}],""ActorContextId"":""6c9cb679-bd0b-4e89-abdb-022dbc18fff3"",""ActorIpAddress"":""172.83.40.24"",""InterSystemsId"":""a1ba6765-144d-493d-8527-eacac41612c1"",""IntraSystemId"":""928118b4-01a9-435c-bdbc-3e88bffae901"",""SupportTicketId"":"""",""Target"":[{""ID"":""00000003-0000-0000-c000-000000000000"",""Type"":0}],""TargetContextId"":""6c9cb679-bd0b-4e89-abdb-022dbc18fff3"",""ApplicationId"":""89bee1f7-5e6e-4d8a-9f3d-ecd601259da7"",""DeviceProperties"":[{""Name"":""OS"",""Value"":""MacOs""},{""Name"":""BrowserType"",""Value"":""Chrome""},{""Name"":""IsCompliantAndManaged"",""Value"":""False""},{""Name"":""SessionId"",""Value"":""f28c34b4-8269-4c90-8441-933dabab1bef""}],""ErrorNumber"":""0""}","54","55","928118b4-01a9-435c-bdbc-3e88bffae901","True","Unchanged"
"ps.outlook.com","ad282db1-b98c-4196-90fb-51baa9b29940","False","AzureActiveDirectoryStsLogon","2021-11-29 2:12:16 PM","paul@paulvalderconsulting.com","UserLoggedIn","{""CreationTime"":""2021-11-29T14:12:16"",""Id"":""3315062e-9742-45b0-bd0a-52cde4085601"",""Operation"":""UserLoggedIn"",""OrganizationId"":""6c9cb679-bd0b-4e89-abdb-022dbc18fff3"",""RecordType"":15,""ResultStatus"":""Success"",""UserKey"":""acfd09cd-854b-40c6-b8ee-0de1a2134662"",""UserType"":0,""Version"":1,""Workload"":""AzureActiveDirectory"",""ClientIP"":""172.83.40.24"",""ObjectId"":""4765445b-32c6-49b0-83e6-1d93765276ca"",""UserId"":""paul@paulvalderconsulting.com"",""AzureActiveDirectoryEventType"":1,""ExtendedProperties"":[{""Name"":""ResultStatusDetail"",""Value"":""Success""},{""Name"":""UserAgent"",""Value"":""Mozilla\/5.0 (Macintosh; Intel Mac OS X 10_15_7) AppleWebKit\/537.36 (KHTML, like Gecko) Chrome\/96.0.4664.55 Safari\/537.36""},{""Name"":""UserAuthenticationMethod"",""Value"":""1""},{""Name"":""RequestType"",""Value"":""Login:login""}],""ModifiedProperties"":[],""Actor"":[{""ID"":""acfd09cd-854b-40c6-b8ee-0de1a2134662"",""Type"":0},{""ID"":""paul@paulvalderconsulting.com"",""Type"":5}],""ActorContextId"":""6c9cb679-bd0b-4e89-abdb-022dbc18fff3"",""ActorIpAddress"":""172.83.40.24"",""InterSystemsId"":""0e13113c-2c16-4151-8b05-fb0d8f638afd"",""IntraSystemId"":""3315062e-9742-45b0-bd0a-52cde4085601"",""SupportTicketId"":"""",""Target"":[{""ID"":""4765445b-32c6-49b0-83e6-1d93765276ca"",""Type"":0}],""TargetContextId"":""6c9cb679-bd0b-4e89-abdb-022dbc18fff3"",""ApplicationId"":""4765445b-32c6-49b0-83e6-1d93765276ca"",""DeviceProperties"":[{""Name"":""OS"",""Value"":""MacOs""},{""Name"":""BrowserType"",""Value"":""Chrome""},{""Name"":""IsCompliantAndManaged"",""Value"":""False""},{""Name"":""SessionId"",""Value"":""f28c34b4-8269-4c90-8441-933dabab1bef""}],""ErrorNumber"":""0""}","55","55","3315062e-9742-45b0-bd0a-52cde4085601","True","Unchanged"
